,,SMILES,logS(mol/kg),T(?),T(K),Water density (g/cm^3),,
0,sample_1,CC(N)=O,1.58,25,298.15,0.997,,
1,sample_2,CNN,1.34,25,298.15,0.997,,
2,sample_3,CC(=O)O,1.22,25,298.15,0.997,,
3,sample_4,C1CCNC1,1.15,25,298.15,0.997,,
4,sample_5,NC(=O)NO,1.12,25,298.15,0.997,,
5,sample_6,OCC(O)CO,1.12,25,298.15,0.997,,
6,sample_7,CC(=O)N(C)C,1.11,25,298.15,0.997,,
7,sample_8,c1ccnnc1,1.10,25,298.15,0.997,,
8,sample_9,c1cncnc1,1.10,25,298.15,0.997,,
9,sample_10,OCC(O)C(O)C(O)C(O)CO,1.09,25,298.15,0.997,,
10,sample_11,CC(N)CC(=O)O,1.08,25,298.15,0.997,,
11,sample_12,C1CNCCN1,1.07,25,298.15,0.997,,
12,sample_13,C1CCNCC1,1.07,25,298.15,0.997,,
13,sample_14,Oc1ccncc1,1.02,25,298.15,0.997,,
14,sample_15,Oc1ccccn1,1.02,25,298.15,0.997,,
15,sample_16,O=C(O)CCCC(=O)O,1.00,25,298.15,0.997,,
16,sample_17,CN1CCOCC1,1.00,25,298.15,0.997,,
17,sample_18,COC(N)=O,0.97,25,298.15,0.997,,
18,sample_19,Cn1ccccc1=O,0.96,25,298.15,0.997,,
19,sample_20,O=C(O)CCl,0.93,25,298.15,0.997,,
20,sample_21,CCOC(N)=O,0.85,25,298.15,0.997,,
21,sample_22,COC(=O)C1=CCCN(C)C1,0.81,25,298.15,0.997,,
22,sample_23,Oc1cccc(O)c1,0.81,25,298.15,0.997,,
23,sample_24,c1ccncc1,0.76,25,298.15,0.997,,
24,sample_25,CC1CNCCN1,0.74,25,298.15,0.997,,
25,sample_26,OCC1(O)OCC(O)C(O)C1O,0.64,25,298.15,0.997,,
26,sample_27,Oc1ccccc1O,0.62,25,298.15,0.997,,
27,sample_28,NC(=O)c1cccnc1,0.61,25,298.15,0.997,,
28,sample_29,O=c1ccnc[nH]1,0.59,25,298.15,0.997,,
29,sample_30,CCC=O,0.58,25,298.15,0.997,,
30,sample_31,COC=O,0.58,25,298.15,0.997,,
31,sample_32,C=CC=O,0.57,25,298.15,0.997,,
32,sample_33,C1CCOC1,0.56,25,298.15,0.997,,
33,sample_34,CCC(C)=O,0.52,25,298.15,0.997,,
34,sample_35,CC1CNC(C)CN1,0.49,25,298.15,0.997,,
35,sample_36,COCOC,0.48,25,298.15,0.997,,
36,sample_37,Cc1cccc(C)n1,0.45,25,298.15,0.997,,
37,sample_38,Cc1ccc(C)nc1,0.40,25,298.15,0.997,,
38,sample_39,OC1COC(O)C(O)C1O,0.39,25,298.15,0.997,,
39,sample_40,Cc1ccnc(C)c1,0.38,25,298.15,0.997,,
40,sample_41,Cc1cccnc1C,0.38,25,298.15,0.997,,
41,sample_42,O=c1cccc2n1CC1CNCC2C1,0.36,25,298.15,0.997,,
42,sample_43,OC1C(O)C(O)C(O)C(O)C1O,0.35,25,298.15,0.997,,
43,sample_44,CC=CC=O,0.32,25,298.15,0.997,,
44,sample_45,CCC(N)C(=O)O,0.31,25,298.15,0.997,,
45,sample_46,O=C1CCC(=O)N1,0.30,25,298.15,0.997,,
46,sample_47,CC(C)C(=O)O,0.28,25,298.15,0.997,,
47,sample_48,CN1CCCCC1,0.23,25,298.15,0.997,,
48,sample_49,CC(=O)CC(C)=O,0.22,25,298.15,0.997,,
49,sample_50,CCOC=O,0.15,25,298.15,0.997,,
50,sample_51,C=CC#N,0.15,25,298.15,0.997,,
51,sample_52,CC1CCCO1,0.11,25,298.15,0.997,,
52,sample_53,CC(C)(C)OC(N)=O,0.10,25,298.15,0.997,,
53,sample_54,CCC(C)(C)O,0.08,25,298.15,0.997,,
54,sample_55,NNc1ccccc1,0.07,25,298.15,0.997,,
55,sample_56,CC(C)CO,0.04,25,298.15,0.997,,
56,sample_57,CCS(=O)(=O)CC,0.04,25,298.15,0.997,,
57,sample_58,c1cnc2ncncc2n1,0.02,25,298.15,0.997,,
58,sample_59,NNC(=O)c1ccncc1,0.01,25,298.15,0.997,,
59,sample_60,Oc1ccccc1,0.00,25,298.15,0.997,,
60,sample_61,CCCC=O,-0.01,25,298.15,0.997,,
61,sample_62,CN1C2CCC1C(C(=O)O)C(O)C2,-0.02,25,298.15,0.997,,
62,sample_63,C1CCOCC1,-0.03,25,298.15,0.997,,
63,sample_64,CCC1NC(=O)NC1=O,-0.06,25,298.15,0.997,,
64,sample_65,Cc1cc(O)no1,-0.07,25,298.15,0.997,,
65,sample_66,CC(O)C(N)C(=O)O,-0.09,25,298.15,0.997,,
66,sample_67,CCOCC,-0.09,25,298.15,0.997,,
67,sample_68,O=Cc1ccco1,-0.10,25,298.15,0.997,,
68,sample_69,Cc1ncc2nccnc2n1,-0.12,25,298.15,0.997,,
69,sample_70,CC(C)(S)C(N)C(=O)O,-0.13,25,298.15,0.997,,
70,sample_71,CCN(CC)CC,-0.14,25,298.15,0.997,,
71,sample_72,c1cc[nH]c1,-0.17,25,298.15,0.997,,
72,sample_73,OC1CC(O)C(O)C(O)C1O,-0.17,25,298.15,0.997,,
73,sample_74,Cn1c(=O)c2c(ncn2CC(O)CO)n(C)c1=O,-0.17,25,298.15,0.997,,
74,sample_75,O=NN1CCCCC1,-0.17,25,298.15,0.997,,
75,sample_76,CCCC(C)=O,-0.19,25,298.15,0.997,,
76,sample_77,CCCC(=O)O,-0.19,25,298.15,0.997,,
77,sample_78,CN(C)NC(=O)CCC(=O)O,-0.20,25,298.15,0.997,,
78,sample_79,O=C(O)CCC(=O)O,-0.20,25,298.15,0.997,,
79,sample_80,CC(C)C(C)O,-0.20,25,298.15,0.997,,
80,sample_81,C=CC(=O)OC,-0.22,25,298.15,0.997,,
81,sample_82,CCC(O)CC,-0.24,25,298.15,0.997,,
82,sample_83,O=C(O)C1C2CCC(O2)C1C(=O)O,-0.27,25,298.15,0.997,,
83,sample_84,CCCC(C)O,-0.29,25,298.15,0.997,,
84,sample_85,CC(C)(C(=O)O)C(C)(CC(=O)O)C(=O)O,-0.29,25,298.15,0.997,,
85,sample_86,N#CCCCl,-0.29,25,298.15,0.997,,
86,sample_87,OCc1ccccc1O,-0.29,25,298.15,0.997,,
87,sample_88,CC(C)COC(N)=O,-0.30,25,298.15,0.997,,
88,sample_89,N#CN=C(N)N,-0.31,25,298.15,0.997,,
89,sample_90,CCC(C)(O)CC,-0.38,25,298.15,0.997,,
90,sample_91,Nc1ccc(N)cc1,-0.38,25,298.15,0.997,,
91,sample_92,CCCOC,-0.39,25,298.15,0.997,,
92,sample_93,CC(C)C(C)CO,-0.39,25,298.15,0.997,,
93,sample_94,OCc1ccccc1,-0.40,25,298.15,0.997,,
94,sample_95,CSCCC(N)C(=O)O,-0.42,25,298.15,0.997,,
95,sample_96,Nc1ccccc1N,-0.42,25,298.15,0.997,,
96,sample_97,CNC(C)C(O)c1ccccc1,-0.42,25,298.15,0.997,,
97,sample_98,OC1CCCCC1,-0.44,25,298.15,0.997,,
98,sample_99,CC(=O)CC1CCCCN1,-0.45,25,298.15,0.997,,
99,sample_100,Oc1cccnc1,-0.46,25,298.15,0.997,,
100,sample_101,COC(=O)c1cccnc1,-0.46,25,298.15,0.997,,
101,sample_102,Cc1ncnc2nccnc12,-0.47,25,298.15,0.997,,
102,sample_103,NCC(O)c1ccccc1,-0.48,25,298.15,0.997,,
103,sample_104,CN1C2CC(OC(=O)C(CO)c3ccccc3)CC1C1OC12,-0.48,25,298.15,0.997,,
104,sample_105,CCCOC=O,-0.49,25,298.15,0.997,,
105,sample_106,NCCC(O)C(=O)NC1CC(N)C(OC2OC(CN)C(O)C(O)C2O)C(O)C1OC1OC(CO)C(O)C(N)C1O,-0.50,25,298.15,0.997,,
106,sample_107,CC(C)(C)CCO,-0.50,25,298.15,0.997,,
107,sample_108,NC(Cc1c[nH]cn1)C(=O)O,-0.53,25,298.15,0.997,,
108,sample_109,CCCC(O)C(CC)CO,-0.54,25,298.15,0.997,,
109,sample_110,NC(=O)CCC(N)C(=O)O,-0.55,25,298.15,0.997,,
110,sample_111,CC1CO1,-0.59,25,298.15,0.997,,
111,sample_112,O=C1CCCCC1,-0.60,25,298.15,0.997,,
112,sample_113,CC(=O)OCC(COC(C)=O)OC(C)=O,-0.60,25,298.15,0.997,,
113,sample_114,CC(O)C(C)(C)C,-0.62,25,298.15,0.997,,
114,sample_115,Cc1c(N(C)C)c(=O)n(-c2ccccc2)n1C,-0.63,25,298.15,0.997,,
115,sample_116,ClCCl,-0.63,25,298.15,0.997,,
116,sample_117,CCCCOC(N)=O,-0.66,25,298.15,0.997,,
117,sample_118,CCCOCC,-0.66,25,298.15,0.997,,
118,sample_119,CCOC(=O)CC,-0.66,25,298.15,0.997,,
119,sample_120,Cc1cccc(O)c1,-0.68,25,298.15,0.997,,
120,sample_121,O=CNc1ccccc1,-0.68,25,298.15,0.997,,
121,sample_122,Oc1ccc(Cl)cc1,-0.70,25,298.15,0.997,,
122,sample_123,Oc1cccc(Cl)c1,-0.70,25,298.15,0.997,,
123,sample_124,Cc1ccc(O)cc1,-0.70,25,298.15,0.997,,
124,sample_125,CCC(O)C(C)C,-0.70,25,298.15,0.997,,
125,sample_126,OCCOc1ccccc1,-0.71,25,298.15,0.997,,
126,sample_127,CCC(C)C(C)O,-0.72,25,298.15,0.997,,
127,sample_128,CCCOC(C)=O,-0.72,25,298.15,0.997,,
128,sample_129,CC(C)(C)C(C)(C)O,-0.72,25,298.15,0.997,,
129,sample_130,Nc1ccccc1O,-0.72,25,298.15,0.997,,
130,sample_131,OCCN(CCO)c1ccccc1,-0.73,25,298.15,0.997,,
131,sample_132,C=CC(=O)OCC,-0.74,25,298.15,0.997,,
132,sample_133,O=[N+]([O-])c1ccc(O)cc1,-0.74,25,298.15,0.997,,
133,sample_134,ONc1ccccc1,-0.74,25,298.15,0.997,,
134,sample_135,NC(=O)CC(N)C(=O)O,-0.74,25,298.15,0.997,,
135,sample_136,N#CC(OC1OC(COC2OC(CO)C(O)C(O)C2O)C(O)C(O)C1O)c1ccccc1,-0.77,25,298.15,0.997,,
136,sample_137,CCOCCOCC,-0.77,25,298.15,0.997,,
137,sample_138,c1ccc2[nH]nnc2c1,-0.78,25,298.15,0.997,,
138,sample_139,Nc1ccc(O)cc1,-0.80,25,298.15,0.997,,
139,sample_140,Cn1ccc(=O)[nH]c1=O,-0.80,25,298.15,0.997,,
140,sample_141,CCCC(O)CC,-0.80,25,298.15,0.997,,
141,sample_142,C=C(C)C(=O)OC,-0.80,25,298.15,0.997,,
142,sample_143,CC(C)(C)COC(N)=O,-0.80,25,298.15,0.997,,
143,sample_144,CCOC(=O)CC(=O)OCC,-0.82,25,298.15,0.997,,
144,sample_145,c1ccoc1,-0.82,25,298.15,0.997,,
145,sample_146,CCCC(=O)OC,-0.82,25,298.15,0.997,,
146,sample_147,C=CCSS(=O)CC=C,-0.83,25,298.15,0.997,,
147,sample_148,C=CC(=O)CCC,-0.83,25,298.15,0.997,,
148,sample_149,O=C(O)c1cccnc1,-0.84,25,298.15,0.997,,
149,sample_150,CCCCC=O,-0.85,25,298.15,0.997,,
150,sample_151,CN(N=O)C(N)=O,-0.85,25,298.15,0.997,,
151,sample_152,C=COCC,-0.85,25,298.15,0.997,,
152,sample_153,Cc1cccc(N)c1,-0.85,25,298.15,0.997,,
153,sample_154,CCC(O)(CC)CC,-0.85,25,298.15,0.997,,
154,sample_155,OCc1ccccc1OC1OC(CO)C(O)C(O)C1O,-0.85,25,298.15,0.997,,
155,sample_156,O=Cc1ccccc1O,-0.86,25,298.15,0.997,,
156,sample_157,Clc1cnc2cncnc2n1,-0.87,25,298.15,0.997,,
157,sample_158,CC1CCC(O)CC1,-0.88,25,298.15,0.997,,
158,sample_159,CCCC(C(C)=O)C(C)=O,-0.88,25,298.15,0.997,,
159,sample_160,ClCBr,-0.89,25,298.15,0.997,,
160,sample_161,O=C(O)Cc1ccccc1,-0.89,25,298.15,0.997,,
161,sample_162,CC(=O)NC(N)=O,-0.90,25,298.15,0.997,,
162,sample_163,COc1cnc2cncnc2n1,-0.91,25,298.15,0.997,,
163,sample_164,CC(O)c1ccccc1,-0.92,25,298.15,0.997,,
164,sample_165,CC(C)CC(C)(C)O,-0.92,25,298.15,0.997,,
165,sample_166,CCOC(=O)CCC(=O)OCC,-0.96,25,298.15,0.997,,
166,sample_167,CC=CCC#N,-0.96,25,298.15,0.997,,
167,sample_168,NC(=O)c1ccccc1,-0.96,25,298.15,0.997,,
168,sample_169,O=Cc1ccc(O)cc1,-0.96,25,298.15,0.997,,
169,sample_170,Cn1c(=O)c2c(ncn2C)n(C)c1=O,-0.97,25,298.15,0.997,,
170,sample_171,CC(=O)Nc1ccc(N)cc1,-0.98,25,298.15,0.997,,
171,sample_172,O=C1C=CC(=O)C=C1,-0.99,25,298.15,0.997,,
172,sample_173,CCCCOC,-0.99,25,298.15,0.997,,
173,sample_174,CI,-1.00,25,298.15,0.997,,
174,sample_175,CCCC(C)(O)CC,-1.00,25,298.15,0.997,,
175,sample_176,CC(C)COC=O,-1.01,25,298.15,0.997,,
176,sample_177,CC(=O)Nc1ccc(O)cc1,-1.03,25,298.15,0.997,,
177,sample_178,c1ccc2c(c1)CCN2,-1.04,25,298.15,0.997,,
178,sample_179,O=c1[nH]cc(F)c(=O)[nH]1,-1.07,25,298.15,0.997,,
179,sample_180,CCCCC(C)(C)O,-1.08,25,298.15,0.997,,
180,sample_181,Oc1ccc(Br)cc1,-1.09,25,298.15,0.997,,
181,sample_182,CCBr,-1.09,25,298.15,0.997,,
182,sample_183,CC(C)OC(C)C,-1.10,25,298.15,0.997,,
183,sample_184,O=C(O)COc1ccccc1,-1.10,25,298.15,0.997,,
184,sample_185,COc1ncc2nccnc2n1,-1.11,25,298.15,0.997,,
185,sample_186,COc1ncnc2nccnc12,-1.11,25,298.15,0.997,,
186,sample_187,NCCc1ccc(O)cc1,-1.12,25,298.15,0.997,,
187,sample_188,CC1CC(C)C(=O)C(C(O)CC2CC(=O)NC(=O)C2)C1,-1.13,25,298.15,0.997,,
188,sample_189,CC(C)CCCO,-1.14,25,298.15,0.997,,
189,sample_190,Nc1cc[nH]c(=O)n1,-1.14,25,298.15,0.997,,
190,sample_191,c1ccc2ocnc2c1,-1.16,25,298.15,0.997,,
191,sample_192,O=S(CCCl)CCCl,-1.16,25,298.15,0.997,,
192,sample_193,CCC(CC)CO,-1.17,25,298.15,0.997,,
193,sample_194,ClC(Cl)Cl,-1.17,25,298.15,0.997,,
194,sample_195,Cc1ccc(O)c(C)c1,-1.19,25,298.15,0.997,,
195,sample_196,O=Cc1ccccc1,-1.19,25,298.15,0.997,,
196,sample_197,Cc1ccc(CO)cc1,-1.20,25,298.15,0.997,,
197,sample_198,COC(=O)C1C2C=CC(C2)C1C(=O)OC,-1.20,25,298.15,0.997,,
198,sample_199,C=CC(=O)OCC(C)C,-1.21,25,298.15,0.997,,
199,sample_200,CC(C)(C)NCC(O)c1ccc(O)c(CO)c1,-1.22,25,298.15,0.997,,
200,sample_201,CC(C)C(O)C(C)C,-1.22,25,298.15,0.997,,
201,sample_202,NC(Cc1c[nH]c2ccccc12)C(=O)O,-1.23,25,298.15,0.997,,
202,sample_203,CC(=O)NS(=O)(=O)c1ccc(N)cc1,-1.23,25,298.15,0.997,,
203,sample_204,CCCCOC(C)=O,-1.24,25,298.15,0.997,,
204,sample_205,CCCCCCO,-1.24,25,298.15,0.997,,
205,sample_206,O=C1NC(=O)C(=O)C(=O)N1,-1.25,25,298.15,0.997,,
206,sample_207,CCC(C)(O)C(C)(C)C,-1.27,25,298.15,0.997,,
207,sample_208,CC(=O)c1ccccc1,-1.28,25,298.15,0.997,,
208,sample_209,CC(=O)c1cccc(N)c1,-1.28,25,298.15,0.997,,
209,sample_210,CCCC(=O)OCC,-1.28,25,298.15,0.997,,
210,sample_211,CC(Cl)Cl,-1.29,25,298.15,0.997,,
211,sample_212,COc1ccc(NC(C)=O)cc1,-1.30,25,298.15,0.997,,
212,sample_213,c1ccc2ncccc2c1,-1.30,25,298.15,0.997,,
213,sample_214,CCCCCC=O,-1.30,25,298.15,0.997,,
214,sample_215,ClCCBr,-1.32,25,298.15,0.997,,
215,sample_216,CC(=O)Nc1ccccc1,-1.33,25,298.15,0.997,,
216,sample_217,CC(=O)CCC(C)C,-1.33,25,298.15,0.997,,
217,sample_218,CCc1ccccc1O,-1.36,25,298.15,0.997,,
218,sample_219,CCCCC(=O)OC,-1.36,25,298.15,0.997,,
219,sample_220,N=C(N)N[N+](=O)[O-],-1.37,25,298.15,0.997,,
220,sample_221,Nc1cccc(Cl)c1,-1.37,25,298.15,0.997,,
221,sample_222,OCCCc1ccccc1,-1.38,25,298.15,0.997,,
222,sample_223,CC(C)CCC(C)O,-1.38,25,298.15,0.997,,
223,sample_224,CCC1(CC)C(=O)NC(=O)NC1=O,-1.39,25,298.15,0.997,,
224,sample_225,Cc1cc(C)cc(O)c1,-1.40,25,298.15,0.997,,
225,sample_226,CCN(CC)CCOC(=O)c1ccc(N)cc1,-1.40,25,298.15,0.997,,
226,sample_227,CC(=O)Nc1ccccc1Cl,-1.40,25,298.15,0.997,,
227,sample_228,CCCC(O)CCC,-1.40,25,298.15,0.997,,
228,sample_229,O=C(O)CCc1ccccc1,-1.41,25,298.15,0.997,,
229,sample_230,CCCCCC(C)=O,-1.42,25,298.15,0.997,,
230,sample_231,c1ccc(-c2ccccn2)nc1,-1.42,25,298.15,0.997,,
231,sample_232,Cc1cccc(O)c1C,-1.43,25,298.15,0.997,,
232,sample_233,CCCCNCCCC,-1.44,25,298.15,0.997,,
233,sample_234,c1ccsc1,-1.45,25,298.15,0.997,,
234,sample_235,c1ccc2cnccc2c1,-1.45,25,298.15,0.997,,
235,sample_236,O=C(O)c1ccsc1,-1.47,25,298.15,0.997,,
236,sample_237,CCCCl,-1.47,25,298.15,0.997,,
237,sample_238,ClCC(Cl)Cl,-1.48,25,298.15,0.997,,
238,sample_239,COc1ccc(C=O)cc1,-1.49,25,298.15,0.997,,
239,sample_240,O=S(=O)(CCCl)CCCl,-1.50,25,298.15,0.997,,
240,sample_241,N=C(N)NCC(=O)O,-1.51,25,298.15,0.997,,
241,sample_242,c1ccc2[nH]ccc2c1,-1.52,25,298.15,0.997,,
242,sample_243,CCCC(C)(C)CO,-1.52,25,298.15,0.997,,
243,sample_244,Nc1ccccc1C(=O)O,-1.52,25,298.15,0.997,,
244,sample_245,COc1ccc2c3c1OC1C(O)C=CC4C(C2)N(C)CCC341,-1.52,25,298.15,0.997,,
245,sample_246,NCc1ccccc1,-1.53,25,298.15,0.997,,
246,sample_247,c1cc(-c2ccncc2)ccn1,-1.54,25,298.15,0.997,,
247,sample_248,Cc1ccc(C)c(O)c1,-1.54,25,298.15,0.997,,
248,sample_249,CC(C)(C)CCCO,-1.55,25,298.15,0.997,,
249,sample_250,O=C(O)c1ccccc1,-1.55,25,298.15,0.997,,
250,sample_251,Cc1cccc(C)c1NC(=O)C1CCCCN1C,-1.55,25,298.15,0.997,,
251,sample_252,CSc1cnc2cncnc2n1,-1.55,25,298.15,0.997,,
252,sample_253,Oc1ccc(Cl)cc1Cl,-1.55,25,298.15,0.997,,
253,sample_254,CCCCCC(C)O,-1.55,25,298.15,0.997,,
254,sample_255,CCCCC(=O)CC(C)=O,-1.56,25,298.15,0.997,,
255,sample_256,C=CCc1ccc(O)c(OC)c1,-1.56,25,298.15,0.997,,
256,sample_257,Cn1c(=O)[nH]c2[nH]c(=O)[nH]c2c1=O,-1.56,25,298.15,0.997,,
257,sample_258,Cc1cc(O)ccc1Cl,-1.57,25,298.15,0.997,,
258,sample_259,CNC(=O)Oc1ccccc1C1OCCO1,-1.57,25,298.15,0.997,,
259,sample_260,CC(=O)Nc1ccc(C=O)cc1,-1.58,25,298.15,0.997,,
260,sample_261,COC(=O)c1ccc(N)cc1,-1.59,25,298.15,0.997,,
261,sample_262,c1ccc(C2CO2)cc1,-1.60,25,298.15,0.997,,
262,sample_263,CC(Cl)CCl,-1.60,25,298.15,0.997,,
263,sample_264,CC(=O)CC(=O)CC(C)C,-1.60,25,298.15,0.997,,
264,sample_265,COCC(=O)N(c1c(C)cccc1C)C(C)C(=O)OC,-1.60,25,298.15,0.997,,
265,sample_266,O=C(O)c1ccccc1C(F)(F)F,-1.60,25,298.15,0.997,,
266,sample_267,CC(C)CC(C)CO,-1.60,25,298.15,0.997,,
267,sample_268,CN(C)C(=O)Nc1ccccc1,-1.60,25,298.15,0.997,,
268,sample_269,CC(=O)Nc1ccc(S(N)(=O)=O)cc1,-1.61,25,298.15,0.997,,
269,sample_270,COc1ccc(CC2NCC(O)C2OC(C)=O)cc1,-1.61,25,298.15,0.997,,
270,sample_271,CNC(=O)ON=C(CSC)C(C)(C)C,-1.62,25,298.15,0.997,,
271,sample_272,C=CCN(CC=C)C(=O)C(Cl)Cl,-1.62,25,298.15,0.997,,
272,sample_273,ClCCCCl,-1.62,25,298.15,0.997,,
273,sample_274,CCCOCCC,-1.62,25,298.15,0.997,,
274,sample_275,O=Cc1ccc2c(c1)OCO2,-1.63,25,298.15,0.997,,
275,sample_276,c1ccccc1,-1.64,25,298.15,0.997,,
276,sample_277,C=C(Cl)Cl,-1.64,25,298.15,0.997,,
277,sample_278,O=C1NS(=O)(=O)c2ccccc21,-1.64,25,298.15,0.997,,
278,sample_279,CC12CCC(CC1)C(C)(C)O2,-1.64,25,298.15,0.997,,
279,sample_280,CCCCC1(CC)C(=O)NC(=O)NC1=O,-1.64,25,298.15,0.997,,
280,sample_281,Nc1ccc(Cl)cc1,-1.66,25,298.15,0.997,,
281,sample_282,CCCC(C)(COC(N)=O)COC(N)=O,-1.67,25,298.15,0.997,,
282,sample_283,CC(=O)OC1CCCCC1,-1.67,25,298.15,0.997,,
283,sample_284,O=C(O)c1cccc([N+](=O)[O-])c1,-1.68,25,298.15,0.997,,
284,sample_285,BrCCBr,-1.68,25,298.15,0.997,,
285,sample_286,COc1c(Cl)ccc(Cl)c1C(=O)O,-1.70,25,298.15,0.997,,
286,sample_287,CCNc1ccccc1,-1.70,25,298.15,0.997,,
287,sample_288,CCCCCCC=O,-1.70,25,298.15,0.997,,
288,sample_289,FC(F)(F)C(Cl)Br,-1.71,25,298.15,0.997,,
289,sample_290,C=CCC1(C(C)C)C(=O)NC(=O)NC1=O,-1.71,25,298.15,0.997,,
290,sample_291,CCCCCC(C)(C)O,-1.72,25,298.15,0.997,,
291,sample_292,CCCCC(C)C(C)O,-1.72,25,298.15,0.997,,
292,sample_293,O=C1C=CC(O)(c2cc(O)ccc2O)C=C1,-1.73,25,298.15,0.997,,
293,sample_294,CCCBr,-1.73,25,298.15,0.997,,
294,sample_295,O=[N+]([O-])c1ccccc1O,-1.74,25,298.15,0.997,,
295,sample_296,ClC(Cl)C(Cl)Cl,-1.74,25,298.15,0.997,,
296,sample_297,Cc1ccc(S(N)(=O)=O)cc1,-1.74,25,298.15,0.997,,
297,sample_298,CCCCC(=O)OCC,-1.75,25,298.15,0.997,,
298,sample_299,CSc1ncc2nccnc2n1,-1.76,25,298.15,0.997,,
299,sample_300,NC(=O)c1ccccc1O,-1.76,25,298.15,0.997,,
300,sample_301,CCN(CC)CC(=O)Nc1c(C)cccc1C,-1.76,25,298.15,0.997,,
301,sample_302,CC=CC=CC(=O)O,-1.77,25,298.15,0.997,,
302,sample_303,NC(=S)Nc1ccccc1,-1.77,25,298.15,0.997,,
303,sample_304,O=C1CSC(=S)N1,-1.77,25,298.15,0.997,,
304,sample_305,COC(=O)c1ccc(O)cc1,-1.78,25,298.15,0.997,,
305,sample_306,CCCOC(=O)c1cc(O)c(O)c(O)c1,-1.78,25,298.15,0.997,,
306,sample_307,CC(=O)Nc1ccc(F)cc1,-1.78,25,298.15,0.997,,
307,sample_308,O=[N+]([O-])c1ccccc1,-1.80,25,298.15,0.997,,
308,sample_309,CNC(=O)Oc1cccc(C)c1,-1.80,25,298.15,0.997,,
309,sample_310,Fc1ccccc1,-1.80,25,298.15,0.997,,
310,sample_311,CCCCCCCO,-1.81,25,298.15,0.997,,
311,sample_312,O=C(O)c1ccccc1O,-1.82,25,298.15,0.997,,
312,sample_313,CCC(=O)c1ccccc1,-1.83,25,298.15,0.997,,
313,sample_314,CC(=O)N=c1sc(S(N)(=O)=O)nn1C,-1.83,25,298.15,0.997,,
314,sample_315,C=C1CC23CC1(O)CCC2C12C=CC(O)C(C)(C(=O)O1)C2C3C(=O)O,-1.84,25,298.15,0.997,,
315,sample_316,CCCCOCCCC,-1.85,25,298.15,0.997,,
316,sample_317,COc1ccccc1,-1.85,25,298.15,0.997,,
317,sample_318,CCCC(CCC)C(=O)O,-1.86,25,298.15,0.997,,
318,sample_319,COc1ccc2c(c1O)C13CCN(C)C1(C=CC(=O)C3)CC2,-1.87,25,298.15,0.997,,
319,sample_320,CC1CCCC(=O)C1,-1.87,25,298.15,0.997,,
320,sample_321,C1CCN2CC3CC(CN4CCCCC34)C2C1,-1.89,25,298.15,0.997,,
321,sample_322,CCCCCOC(C)=O,-1.89,25,298.15,0.997,,
322,sample_323,CCOC(=O)C1(c2ccccc2)CCN(C)CC1,-1.89,25,298.15,0.997,,
323,sample_324,COc1ccc2c(c1OC)C(=O)OC2,-1.89,25,298.15,0.997,,
324,sample_325,O=C(O)CCCCCCCC(=O)O,-1.89,25,298.15,0.997,,
325,sample_326,ClC(Br)Br,-1.90,25,298.15,0.997,,
326,sample_327,BrC(Br)Br,-1.91,25,298.15,0.997,,
327,sample_328,CN1C2CCC1CC(OC(=O)C(CO)c1ccccc1)C2,-1.91,25,298.15,0.997,,
328,sample_329,CC(=O)Nc1ccc(OC(C)=O)cc1,-1.91,25,298.15,0.997,,
329,sample_330,CCCOC(=O)CCC,-1.92,25,298.15,0.997,,
330,sample_331,COc1ccc(C=O)c(C(=O)O)c1OC,-1.92,25,298.15,0.997,,
331,sample_332,CCCCCCOC(N)=O,-1.92,25,298.15,0.997,,
332,sample_333,CN(C)c1ccccc1,-1.92,25,298.15,0.997,,
333,sample_334,CCC(=O)Nc1ccccc1,-1.92,25,298.15,0.997,,
334,sample_335,CC(=O)OCCC(C)C,-1.92,25,298.15,0.997,,
335,sample_336,O=C(O)c1cc(=O)[nH]c(=O)[nH]1,-1.93,25,298.15,0.997,,
336,sample_337,OC(c1ccccc1)C(O)c1ccccc1,-1.93,25,298.15,0.997,,
337,sample_338,CCc1nnc(NS(=O)(=O)c2ccc(N)cc2)s1,-1.94,25,298.15,0.997,,
338,sample_339,Cc1ccc2ccc(C)nc2c1,-1.94,25,298.15,0.997,,
339,sample_340,Cc1nc(N(C)C)nc(OC(=O)N(C)C)c1C,-1.95,25,298.15,0.997,,
340,sample_341,COc1ccccc1[N+](=O)[O-],-1.96,25,298.15,0.997,,
341,sample_342,O=C(O)C=Cc1c[nH]cn1,-1.96,25,298.15,0.997,,
342,sample_343,CCC(C)Cl,-1.96,25,298.15,0.997,,
343,sample_344,Nc1ccccc1[N+](=O)[O-],-1.96,25,298.15,0.997,,
344,sample_345,C1=CCC=CC1,-1.97,25,298.15,0.997,,
345,sample_346,Oc1ccc2c(c1)CCCC2,-1.99,25,298.15,0.997,,
346,sample_347,CC(Cl)(Cl)Cl,-2.00,25,298.15,0.997,,
347,sample_348,Cc1ccccc1S(N)(=O)=O,-2.02,25,298.15,0.997,,
348,sample_349,CCCCCl,-2.03,25,298.15,0.997,,
349,sample_350,CCCCCCC(C)=O,-2.05,25,298.15,0.997,,
350,sample_351,CNC(=O)Oc1ccccc1OC(C)C,-2.05,25,298.15,0.997,,
351,sample_352,CC(=O)c1ccc(S(=O)(=O)NC(=O)NC2CCCCC2)cc1,-2.06,25,298.15,0.997,,
352,sample_353,C=C(C(=O)O)c1ccccc1,-2.06,25,298.15,0.997,,
353,sample_354,C=C(C)C1CC=C(C)C(=O)C1,-2.06,25,298.15,0.997,,
354,sample_355,Cc1ccccc1C(=O)O,-2.06,25,298.15,0.997,,
355,sample_356,OC1CCN2C1=Nc1ccccc1C2O,-2.07,25,298.15,0.997,,
356,sample_357,O=C(O)Cc1c[nH]c2ccccc12,-2.07,25,298.15,0.997,,
357,sample_358,Cc1ccc(C(C)C)cc1O,-2.08,25,298.15,0.997,,
358,sample_359,CC(=O)Nc1cccc(C)c1,-2.09,25,298.15,0.997,,
359,sample_360,Cc1cc(OC(=O)N(C)C)n(-c2ccccc2)n1,-2.09,25,298.15,0.997,,
360,sample_361,CC(C)I,-2.09,25,298.15,0.997,,
361,sample_362,C=CCC=C,-2.09,25,298.15,0.997,,
362,sample_363,CCCCCCC(C)O,-2.09,25,298.15,0.997,,
363,sample_364,COc1cc2c(cc1OC)C13CCN4CC5=CCOC6CC(=O)N2C1C6C5CC43,-2.09,25,298.15,0.997,,
364,sample_365,OCc1c(Cl)cccc1Cl,-2.10,25,298.15,0.997,,
365,sample_366,CCCCC(CC)CO,-2.11,25,298.15,0.997,,
366,sample_367,O=C(O)c1ccccc1C(=O)O,-2.11,25,298.15,0.997,,
367,sample_368,CN1C2CCC1CC(OC(=O)C(CO)c1ccccc1)C2,-2.12,25,298.15,0.997,,
368,sample_369,Sc1ccccc1,-2.12,25,298.15,0.997,,
369,sample_370,Nc1ncnc2[nH]cnc12,-2.12,25,298.15,0.997,,
370,sample_371,CN1CSC(=S)N(C)C1,-2.13,25,298.15,0.997,,
371,sample_372,Cc1cccc(C(=O)O)c1,-2.14,25,298.15,0.997,,
372,sample_373,O=c1ccc2ccccc2[nH]1,-2.14,25,298.15,0.997,,
373,sample_374,CC(C)CNC(=O)N1CCNC1=O,-2.15,25,298.15,0.997,,
374,sample_375,C1=CC=CCC=C1,-2.15,25,298.15,0.997,,
375,sample_376,O=C(O)COc1ccccc1Cl,-2.16,25,298.15,0.997,,
376,sample_377,Oc1ccc2ncccc2c1,-2.16,25,298.15,0.997,,
377,sample_378,CCC1(C2=CCCCC2)C(=O)NC(=O)NC1=O,-2.17,25,298.15,0.997,,
378,sample_379,CCOc1ccc(NC(N)=O)cc1,-2.17,25,298.15,0.997,,
379,sample_380,C=CCC1(c2ccccc2)C(=O)NC(=O)NC1=O,-2.18,25,298.15,0.997,,
380,sample_381,CCCCNC(=O)NS(=O)(=O)c1ccc(N)cc1,-2.18,25,298.15,0.997,,
381,sample_382,ClCC(Cl)(Cl)Cl,-2.18,25,298.15,0.997,,
382,sample_383,O=[N+]([O-])c1ccc(C=NO)o1,-2.19,25,298.15,0.997,,
383,sample_384,Nc1cccc([N+](=O)[O-])c1,-2.19,25,298.15,0.997,,
384,sample_385,CCC1(C(C)C)C(=O)NC(=O)NC1=O,-2.21,25,298.15,0.997,,
385,sample_386,Cc1ccccc1,-2.21,25,298.15,0.997,,
386,sample_387,O=C(O)C(O)(c1ccccc1)c1ccccc1,-2.21,25,298.15,0.997,,
387,sample_388,Oc1cccc2ccccc12,-2.22,25,298.15,0.997,,
388,sample_389,Cc1ccc(C(C)C)c(O)c1,-2.22,25,298.15,0.997,,
389,sample_390,CC(Oc1ccccc1Cl)C(=O)O,-2.22,25,298.15,0.997,,
390,sample_391,O=[N+]([O-])OCC(CO[N+](=O)[O-])O[N+](=O)[O-],-2.22,25,298.15,0.997,,
391,sample_392,CCC1(CC)C(=O)NC(=O)N(C)C1=O,-2.23,25,298.15,0.997,,
392,sample_393,Cc1cc(Cl)ccc1OCC(=O)O,-2.23,25,298.15,0.997,,
393,sample_394,CCCCc1c(C)nc(N(C)C)nc1O,-2.24,25,298.15,0.997,,
394,sample_395,Cc1cc(NS(=O)(=O)c2ccc(N)cc2)nc(C)n1,-2.24,25,298.15,0.997,,
395,sample_396,CC(=O)Nc1ccccc1O,-2.24,25,298.15,0.997,,
396,sample_397,O=c1cc[nH]c(=S)[nH]1,-2.26,25,298.15,0.997,,
397,sample_398,Oc1ccc2ccccc2c1,-2.28,25,298.15,0.997,,
398,sample_399,O=C1NC(=O)C([N+](=O)[O-])C(=O)N1,-2.28,25,298.15,0.997,,
399,sample_400,CCCI,-2.29,25,298.15,0.997,,
400,sample_401,CCCCCCCC(=O)O,-2.30,25,298.15,0.997,,
401,sample_402,CCOP(=S)(OCC)Oc1ccc(S(C)=O)cc1,-2.30,25,298.15,0.997,,
402,sample_403,Fc1cc(F)c(F)c(F)c1,-2.31,25,298.15,0.997,,
403,sample_404,ClC(Cl)(Cl)Cl,-2.31,25,298.15,0.997,,
404,sample_405,CCOC(=O)c1ccccc1,-2.32,25,298.15,0.997,,
405,sample_406,CC1(C)C2CCC1(C)C(O)C2,-2.32,25,298.15,0.997,,
406,sample_407,Nc1ccc(S(=O)(=O)Nc2ccnn2-c2ccccc2)cc1,-2.32,25,298.15,0.997,,
407,sample_408,CCCOC(=O)c1ccc(N)cc1,-2.33,25,298.15,0.997,,
408,sample_409,NNC(=O)Nc1ccccc1,-2.33,25,298.15,0.997,,
409,sample_410,COC(=O)c1ccccc1O,-2.34,25,298.15,0.997,,
410,sample_411,Oc1c(Cl)cc(Cl)cc1Cl,-2.34,25,298.15,0.997,,
411,sample_412,CCC1(c2ccccc2)CCC(=O)NC1=O,-2.34,25,298.15,0.997,,
412,sample_413,CCc1cccc(CC)c1N,-2.35,25,298.15,0.997,,
413,sample_414,CCOC(=O)c1ccccc1C(=O)OCC,-2.35,25,298.15,0.997,,
414,sample_415,CCOC(=O)c1ccc(O)cc1,-2.35,25,298.15,0.997,,
415,sample_416,CCCCCCCC=O,-2.36,25,298.15,0.997,,
416,sample_417,C#CCCCC,-2.36,25,298.15,0.997,,
417,sample_418,CN(C)C(=O)NC1CCCCCCC1,-2.36,25,298.15,0.997,,
418,sample_419,CSc1ncnc2nccnc12,-2.36,25,298.15,0.997,,
419,sample_420,S=c1ncc2nccnc2[nH]1,-2.36,25,298.15,0.997,,
420,sample_421,CCOc1ccc(NC(C)=O)cc1,-2.37,25,298.15,0.997,,
421,sample_422,CCCCBr,-2.37,25,298.15,0.997,,
422,sample_423,Clc1ccccc1,-2.38,25,298.15,0.997,,
423,sample_424,ClCC(Br)CBr,-2.38,25,298.15,0.997,,
424,sample_425,N#Cc1ccccc1C#N,-2.38,25,298.15,0.997,,
425,sample_426,Oc1ncnc2[nH]ncc12,-2.38,25,298.15,0.997,,
426,sample_427,ClCc1ccccc1,-2.39,25,298.15,0.997,,
427,sample_428,Oc1ccccc1-c1ccccc1,-2.39,25,298.15,0.997,,
428,sample_429,CSc1ccccc1,-2.39,25,298.15,0.997,,
429,sample_430,CCCC(Cl)Cl,-2.40,25,298.15,0.997,,
430,sample_431,COC(=O)c1ccc(OC)cc1,-2.41,25,298.15,0.997,,
431,sample_432,Cc1nnc(NS(=O)(=O)c2ccc(N)cc2)s1,-2.41,25,298.15,0.997,,
432,sample_433,COc1ccc([N+](=O)[O-])cc1,-2.41,25,298.15,0.997,,
433,sample_434,Cc1c[nH]c2ccccc12,-2.42,25,298.15,0.997,,
434,sample_435,CC(C)CBr,-2.43,25,298.15,0.997,,
435,sample_436,Cc1cc(=O)[nH]c(=S)[nH]1,-2.43,25,298.15,0.997,,
436,sample_437,Nc1ccc(S(=O)(=O)Nc2nccs2)cc1,-2.43,25,298.15,0.997,,
437,sample_438,CC1=C(C(=O)Nc2ccccc2)S(=O)(=O)CCO1,-2.43,25,298.15,0.997,,
438,sample_439,Cc1cccc([N+](=O)[O-])c1,-2.44,25,298.15,0.997,,
439,sample_440,Cc1nc(NS(=O)(=O)c2ccc(N)cc2)oc1C,-2.44,25,298.15,0.997,,
440,sample_441,Cc1cnc(S)nc1O,-2.45,25,298.15,0.997,,
441,sample_442,CC(Oc1ccc(Cl)cc1Cl)C(=O)O,-2.45,25,298.15,0.997,,
442,sample_443,Nc1cc(Cl)cc(C(=O)O)c1Cl,-2.47,25,298.15,0.997,,
443,sample_444,Cc1[nH]c(=O)n(C(C)(C)C)c(=O)c1Cl,-2.48,25,298.15,0.997,,
444,sample_445,O=C(O)C=Cc1ccccc1,-2.48,25,298.15,0.997,,
445,sample_446,CC(C)N(C(=O)CCl)c1ccccc1,-2.48,25,298.15,0.997,,
446,sample_447,O=C(O)COc1ccc(Cl)cc1Cl,-2.51,25,298.15,0.997,,
447,sample_448,CN(C)C1C(O)=C(C(N)=O)C(=O)C2(O)C(O)=C3C(=O)c4c(O)ccc(Cl)c4C(O)C3CC12,-2.52,25,298.15,0.997,,
448,sample_449,CCCC(C)C1(CC)C(=O)NC(=O)NC1=O,-2.52,25,298.15,0.997,,
449,sample_450,COc1cc(Cl)c(Cl)cc1O,-2.53,25,298.15,0.997,,
450,sample_451,CC=CCC,-2.54,25,298.15,0.997,,
451,sample_452,Fc1ccc(CCl)cc1,-2.54,25,298.15,0.997,,
452,sample_453,Oc1cccc2ncccc12,-2.54,25,298.15,0.997,,
453,sample_454,COc1cc(NS(=O)(=O)c2ccc(N)cc2)nc(C)n1,-2.54,25,298.15,0.997,,
454,sample_455,Cc1cc(Cl)ccc1OC(C)C(=O)O,-2.55,25,298.15,0.997,,
455,sample_456,CC1=C(C(=O)Nc2ccccc2)CCCO1,-2.56,25,298.15,0.997,,
456,sample_457,CCC1(CCC(C)C)C(=O)NC(=O)NC1=O,-2.57,25,298.15,0.997,,
457,sample_458,COc1cnc(NS(=O)(=O)c2ccc(N)cc2)nc1,-2.58,25,298.15,0.997,,
458,sample_459,CCCCCCCC(C)=O,-2.58,25,298.15,0.997,,
459,sample_460,C1=CCCCC1,-2.59,25,298.15,0.997,,
460,sample_461,O=C(O)c1cccc(Cl)c1,-2.59,25,298.15,0.997,,
461,sample_462,CCc1cccs1,-2.59,25,298.15,0.997,,
462,sample_463,c1ccc(CN(CC2=NCCN2)c2ccccc2)cc1,-2.60,25,298.15,0.997,,
463,sample_464,ClC(Cl)C(Cl)(Cl)Cl,-2.60,25,298.15,0.997,,
464,sample_465,COc1ccc(C(O)(c2cncnc2)C2CC2)cc1,-2.60,25,298.15,0.997,,
465,sample_466,O=C(O)Cn1c(=O)sc2cccc(Cl)c21,-2.61,25,298.15,0.997,,
466,sample_467,Cc1cc(NS(=O)(=O)c2ccc(N)cc2)no1,-2.62,25,298.15,0.997,,
467,sample_468,CCCCCCCOC(N)=O,-2.62,25,298.15,0.997,,
468,sample_469,NS(=O)(=O)c1cc2c(cc1Cl)NCNS2(=O)=O,-2.62,25,298.15,0.997,,
469,sample_470,O=[N+]([O-])OC1COC2C(O[N+](=O)[O-])COC12,-2.63,25,298.15,0.997,,
470,sample_471,CCC(=O)c1ccc(N)cc1,-2.63,25,298.15,0.997,,
471,sample_472,CCCC(C)Cl,-2.63,25,298.15,0.997,,
472,sample_473,C1CCCC1,-2.64,25,298.15,0.997,,
473,sample_474,CN(C)CCN(Cc1ccccc1)c1ccccn1,-2.64,25,298.15,0.997,,
474,sample_475,CN(C)CCN(Cc1cccs1)c1ccccn1,-2.64,25,298.15,0.997,,
475,sample_476,O=C(O)Cc1cccc2ccccc12,-2.65,25,298.15,0.997,,
476,sample_477,CC(C)N1C(=O)c2ccccc2NS1(=O)=O,-2.68,25,298.15,0.997,,
477,sample_478,C=CCCC=C,-2.68,25,298.15,0.997,,
478,sample_479,C=CCCC,-2.68,25,298.15,0.997,,
479,sample_480,c1cnc2c(c1)ccc1ncccc12,-2.68,25,298.15,0.997,,
480,sample_481,CC(=O)Nc1ccc([N+](=O)[O-])cc1,-2.69,25,298.15,0.997,,
481,sample_482,CC(Cl)C(C)(C)Cl,-2.69,25,298.15,0.997,,
482,sample_483,CC(Cl)C(C)Cl,-2.70,25,298.15,0.997,,
483,sample_484,Nc1ccc(-c2ccc(N)cc2)cc1,-2.70,25,298.15,0.997,,
484,sample_485,NCCCCCCCCCCC(=O)O,-2.70,25,298.15,0.997,,
485,sample_486,CCCCCCC(=O)OCC,-2.71,25,298.15,0.997,,
486,sample_487,CCOc1ccc(C(=O)OCCN(CC)CC)cc1,-2.71,25,298.15,0.997,,
487,sample_488,CCCCOC(=O)c1ccc(O)cc1,-2.72,25,298.15,0.997,,
488,sample_489,O=C(O)c1ccccc1I,-2.73,25,298.15,0.997,,
489,sample_490,CCc1cccc(C)c1N(C(=O)CCl)C(C)COC,-2.73,25,298.15,0.997,,
490,sample_491,CCCCCCl,-2.73,25,298.15,0.997,,
491,sample_492,CN1C(=O)NC(=O)C(C)(C2=CCCCC2)C1=O,-2.74,25,298.15,0.997,,
492,sample_493,CCCCCCCCC(=O)O,-2.75,25,298.15,0.997,,
493,sample_494,Nc1c(Cl)c(Cl)nc(C(=O)O)c1Cl,-2.75,25,298.15,0.997,,
494,sample_495,C=CC1CN2CCC1CC2C(O)c1ccnc2ccc(OC)cc12,-2.76,25,298.15,0.997,,
495,sample_496,S=c1[nH]cnc2nccnc12,-2.77,25,298.15,0.997,,
496,sample_497,c1ccc2c(c1)cnc1ccccc12,-2.78,25,298.15,0.997,,
497,sample_498,Cc1cc(O)cc(C)c1Cl,-2.80,25,298.15,0.997,,
498,sample_499,Cc1ccccc1C,-2.80,25,298.15,0.997,,
499,sample_500,O=C(Cn1ccnc1[N+](=O)[O-])NCc1ccccc1,-2.81,25,298.15,0.997,,
500,sample_501,Cn1c(=O)on(-c2ccc(Cl)c(Cl)c2)c1=O,-2.82,25,298.15,0.997,,
501,sample_502,Cc1cccc(C)c1,-2.82,25,298.15,0.997,,
502,sample_503,CCC1C2CC3C4N(C)c5ccccc5C45CC(C2C5O)N3C1O,-2.82,25,298.15,0.997,,
503,sample_504,Nc1ccc(S(=O)(=O)c2ccc(N)cc2)cc1,-2.82,25,298.15,0.997,,
504,sample_505,CC(=O)Nc1ccc(Cl)cc1,-2.84,25,298.15,0.997,,
505,sample_506,Cc1ccnc(NS(=O)(=O)c2ccc(N)cc2)n1,-2.85,25,298.15,0.997,,
506,sample_507,COc1cc(Cc2cnc(N)nc2N)cc(OC)c1OC,-2.86,25,298.15,0.997,,
507,sample_508,NC(Cc1cc(I)c(O)c(I)c1)C(=O)O,-2.86,25,298.15,0.997,,
508,sample_509,CC1c2cccc(O)c2C(=O)C2=C(O)C3(O)C(=O)C(C(N)=O)=C(O)C(N(C)C)C3C(O)C21,-2.87,25,298.15,0.997,,
509,sample_510,Nc1cnn(-c2ccccc2)c(=O)c1Cl,-2.87,25,298.15,0.997,,
510,sample_511,CN(C)C1C(O)=C(C(N)=O)C(=O)C2(O)C(O)=C3C(=O)c4c(O)ccc(Cl)c4C(C)(O)C3CC12,-2.88,25,298.15,0.997,,
511,sample_512,CN(C)C(=O)Nc1ccc(Cl)cc1,-2.89,25,298.15,0.997,,
512,sample_513,CC(C)CCBr,-2.89,25,298.15,0.997,,
513,sample_514,Cc1noc(NS(=O)(=O)c2ccc(N)cc2)c1C,-2.91,25,298.15,0.997,,
514,sample_515,Oc1cccc2c(O)cccc12,-2.92,25,298.15,0.997,,
515,sample_516,C=CCc1ccc(OC)cc1,-2.92,25,298.15,0.997,,
516,sample_517,NC(=O)c1ccccc1C(N)=O,-2.92,25,298.15,0.997,,
517,sample_518,CN(C)C(=O)Nc1cccc(OC(=O)NC(C)(C)C)c1,-2.93,25,298.15,0.997,,
518,sample_519,COc1cc(O)c2c(=O)c3cc(O)ccc3oc2c1,-2.93,25,298.15,0.997,,
519,sample_520,CCCCI,-2.96,25,298.15,0.997,,
520,sample_521,COc1cc(NS(=O)(=O)c2ccc(N)cc2)nc(OC)n1,-2.96,25,298.15,0.997,,
521,sample_522,CN(C)C(=O)C(c1ccccc1)c1ccccc1,-2.98,25,298.15,0.997,,
522,sample_523,CCOC(=O)C=Cc1ccccc1,-3.00,25,298.15,0.997,,
523,sample_524,CCC(=O)Nc1ccc(Cl)c(Cl)c1,-3.00,25,298.15,0.997,,
524,sample_525,CCC1(C2=CCCCCC2)C(=O)NC(=O)NC1=O,-3.00,25,298.15,0.997,,
525,sample_526,CCCCCCCCCO,-3.01,25,298.15,0.997,,
526,sample_527,CN(C)C(=O)NC1CC2CC1C1CCCC21,-3.01,25,298.15,0.997,,
527,sample_528,C#CCCCCC,-3.01,25,298.15,0.997,,
528,sample_529,CCCCc1c(C)nc(NCC)nc1O,-3.02,25,298.15,0.997,,
529,sample_530,CCN(CC)c1ccccc1,-3.03,25,298.15,0.997,,
530,sample_531,CC(C)Cc1ccc(C(C)C(=O)NO)cc1,-3.04,25,298.15,0.997,,
531,sample_532,CCNc1nc(NC(C)C)nc(SC)n1,-3.04,25,298.15,0.997,,
532,sample_533,NS(=O)(=O)c1cc2c(cc1Cl)N=CNS2(=O)=O,-3.05,25,298.15,0.997,,
533,sample_534,CCCCNC(=O)NS(=O)(=O)c1ccccc1,-3.05,25,298.15,0.997,,
534,sample_535,Clc1ccccc1Cl,-3.05,25,298.15,0.997,,
535,sample_536,C=CC1CN2CCC1CC2C(O)c1ccnc2ccccc12,-3.07,25,298.15,0.997,,
536,sample_537,CCCCCBr,-3.07,25,298.15,0.997,,
537,sample_538,O=c1c(O)c(-c2ccc(O)cc2O)oc2cc(O)cc(O)c12,-3.08,25,298.15,0.997,,
538,sample_539,C=CC1CN2CCC1CC2C(O)c1ccnc2ccccc12,-3.09,25,298.15,0.997,,
539,sample_540,CC1=C2C3OC(=O)C(C)C3CCC2(C)C=CC1=O,-3.09,25,298.15,0.997,,
540,sample_541,CCc1ccc(C)cc1,-3.11,25,298.15,0.997,,
541,sample_542,CC12CCC(=O)C=C1CCC1C2C(=O)CC2(C)C1CCC2(O)C(=O)CO,-3.11,25,298.15,0.997,,
542,sample_543,CCCCCCCl,-3.12,25,298.15,0.997,,
543,sample_544,CN(C)C1C(O)=C(C(N)=O)C(=O)C2(O)C(O)=C3C(=O)c4c(O)cccc4C(C)(O)C3CC12,-3.12,25,298.15,0.997,,
544,sample_545,CCCCN(CCCC)CCCC,-3.12,25,298.15,0.997,,
545,sample_546,FC(F)(Cl)C(F)(F)Cl,-3.12,25,298.15,0.997,,
546,sample_547,C=CCOC(=O)c1ccccc1C(=O)OCC=C,-3.13,25,298.15,0.997,,
547,sample_548,CC=Cc1ccc(OC)cc1,-3.13,25,298.15,0.997,,
548,sample_549,Fc1ccc(I)cc1,-3.13,25,298.15,0.997,,
549,sample_550,CN(C)C1C(O)=C(C(N)=O)C(=O)C2(O)C(O)=C3C(=O)c4c(O)cccc4C(C)(O)C3C(O)C12,-3.14,25,298.15,0.997,,
550,sample_551,BrC(Br)(Br)Br,-3.14,25,298.15,0.997,,
551,sample_552,COc1ccc2c(c1OC)C(=O)OC2C1c2c(cc3c(c2OC)OCO3)CCN1C,-3.14,25,298.15,0.997,,
552,sample_553,CC1=C(C(=O)Nc2ccccc2)SCCO1,-3.14,25,298.15,0.997,,
553,sample_554,CCNc1nc(Cl)nc(NC(C)(C)C#N)n1,-3.15,25,298.15,0.997,,
554,sample_555,O=C(Nc1ccccc1)Nc1ccccc1,-3.15,25,298.15,0.997,,
555,sample_556,O=C(Oc1ccccc1)c1ccccc1O,-3.15,25,298.15,0.997,,
556,sample_557,CCN(CC)CCNC(=O)c1cc(Cl)c(N)cc1OC,-3.18,25,298.15,0.997,,
557,sample_558,Sc1nc2ccccc2s1,-3.18,25,298.15,0.997,,
558,sample_559,CCCCC,-3.18,25,298.15,0.997,,
559,sample_560,Cc1cccc(C)c1C,-3.20,25,298.15,0.997,,
560,sample_561,Clc1cccc(Br)c1,-3.21,25,298.15,0.997,,
561,sample_562,CCc1ccccc1C,-3.21,25,298.15,0.997,,
562,sample_563,O=C(O)C(c1ccccc1)c1ccccc1,-3.22,25,298.15,0.997,,
563,sample_564,IC=CI,-3.22,25,298.15,0.997,,
564,sample_565,C=CCCCC,-3.23,25,298.15,0.997,,
565,sample_566,Nc1ccc(Cl)c(Cl)c1,-3.24,25,298.15,0.997,,
566,sample_567,CC(=O)Nc1cc(NS(=O)(=O)C(F)(F)F)c(C)cc1C,-3.24,25,298.15,0.997,,
567,sample_568,CC(=O)Nc1ccc(I)cc1,-3.25,25,298.15,0.997,,
568,sample_569,CCc1cccc(CC)c1N(COC)C(=O)CCl,-3.26,25,298.15,0.997,,
569,sample_570,CCCCCOC(=O)c1ccc(N)cc1,-3.26,25,298.15,0.997,,
570,sample_571,COC(=O)c1cc(Cl)cc(N)c1Cl,-3.26,25,298.15,0.997,,
571,sample_572,CCCCCNCCOC(=O)c1ccc(N)cc1,-3.27,25,298.15,0.997,,
572,sample_573,O=C(O)c1cccc(I)c1,-3.27,25,298.15,0.997,,
573,sample_574,CC1=CCCCC1,-3.27,25,298.15,0.997,,
574,sample_575,CC(C)c1ccccc1,-3.27,25,298.15,0.997,,
575,sample_576,COc1ccc(NS(=O)(=O)c2ccc(N)cc2)nn1,-3.28,25,298.15,0.997,,
576,sample_577,CNC(=O)Oc1cccc2ccccc12,-3.28,25,298.15,0.997,,
577,sample_578,CC1CCCC1,-3.30,25,298.15,0.997,,
578,sample_579,Cc1occc1C(=O)Nc1ccccc1,-3.30,25,298.15,0.997,,
579,sample_580,O=C(O)c1cc(I)cc(I)c1O,-3.31,25,298.15,0.997,,
580,sample_581,O=C(O)c1ccc(Cl)cc1,-3.31,25,298.15,0.997,,
581,sample_582,CCCCCCCCC(C)=O,-3.31,25,298.15,0.997,,
582,sample_583,Cc1ccc(C)c(C)c1,-3.31,25,298.15,0.997,,
583,sample_584,O=C1CC2OCC=C3CN4CCC56c7ccccc7N1C5C2C3CC46,-3.32,25,298.15,0.997,,
584,sample_585,N#Cc1cc(Br)c(O)c(Br)c1,-3.33,25,298.15,0.997,,
585,sample_586,CCOP(=S)(OCC)N1C(=O)c2ccccc2C1=O,-3.35,25,298.15,0.997,,
586,sample_587,c1ccc2c(c1)ccc1ncccc12,-3.36,25,298.15,0.997,,
587,sample_588,CCCC(C)C1(CC)C(=O)NC(=S)NC1=O,-3.36,25,298.15,0.997,,
588,sample_589,CC(CCC(=O)O)C1CCC2C3C(O)CC4CC(O)CCC4(C)C3CC(O)C12C,-3.37,25,298.15,0.997,,
589,sample_590,CCn1cc(C(=O)O)c(=O)c2ccc(C)nc21,-3.37,25,298.15,0.997,,
590,sample_591,C=CC1CN2CCC1CC2C(O)c1ccnc2ccc(OC)cc12,-3.37,25,298.15,0.997,,
591,sample_592,CCCc1ccccc1,-3.37,25,298.15,0.997,,
592,sample_593,OC(Cn1cncn1)(c1ccc(F)cc1)c1ccccc1F,-3.37,25,298.15,0.997,,
593,sample_594,CCCCCCCC(=O)OC,-3.39,25,298.15,0.997,,
594,sample_595,C=C(Cl)CSC(=S)N(CC)CC,-3.39,25,298.15,0.997,,
595,sample_596,CCCCNC(=O)NS(=O)(=O)c1ccc(C)cc1,-3.39,25,298.15,0.997,,
596,sample_597,CN(C)CCC=C1c2ccccc2COc2ccccc21,-3.40,25,298.15,0.997,,
597,sample_598,C=CCCCCCCCCC(=O)O,-3.40,25,298.15,0.997,,
598,sample_599,Cc1cc(C)cc(C)c1,-3.40,25,298.15,0.997,,
599,sample_600,CCOC1Oc2ccc(OS(C)(=O)=O)cc2C1(C)C,-3.42,25,298.15,0.997,,
600,sample_601,CC12CCC(=O)C=C1CCC1C3CCC(O)(C(=O)CO)C3(C)CC(O)C12F,-3.43,25,298.15,0.997,,
601,sample_602,CN(C)C(=O)Nc1cccc(C(F)(F)F)c1,-3.43,25,298.15,0.997,,
602,sample_603,CCCCCCCCCC(=O)O,-3.44,25,298.15,0.997,,
603,sample_604,C=CCC1(C(C)CCC)C(=O)NC(=S)NC1=O,-3.46,25,298.15,0.997,,
604,sample_605,CC12CC(=O)C3C(CCC4=CC(=O)CCC43C)C1CCC2=O,-3.48,25,298.15,0.997,,
605,sample_606,CCCCOC(=O)c1ccccc1,-3.48,25,298.15,0.997,,
606,sample_607,Oc1ccc(-c2ccccc2)cc1,-3.48,25,298.15,0.997,,
607,sample_608,Brc1ccccc1Br,-3.50,25,298.15,0.997,,
608,sample_609,Nc1ccc(S(=O)(=O)Nc2ncccn2)cc1,-3.51,25,298.15,0.997,,
609,sample_610,c1ccc(Nc2ccccc2)cc1,-3.51,25,298.15,0.997,,
610,sample_611,C1CCCCCC1,-3.52,25,298.15,0.997,,
611,sample_612,CON(C)C(=O)Nc1ccc(Cl)c(Cl)c1,-3.52,25,298.15,0.997,,
612,sample_613,Cc1cccc(Br)c1,-3.52,25,298.15,0.997,,
613,sample_614,Cc1ccccc1Cl,-3.52,25,298.15,0.997,,
614,sample_615,O=[N+]([O-])c1cccc2ccccc12,-3.54,25,298.15,0.997,,
615,sample_616,CCC(C)(C)C,-3.55,25,298.15,0.997,,
616,sample_617,CCN(CC)C(=O)C(C)Oc1cccc2ccccc12,-3.57,25,298.15,0.997,,
617,sample_618,CC(=O)N(c1onc(C)c1C)S(=O)(=O)c1ccc(N)cc1,-3.59,25,298.15,0.997,,
618,sample_619,NS(=O)(=O)c1cc2c(cc1C(F)(F)F)NC(Cc1ccccc1)NS2(=O)=O,-3.59,25,298.15,0.997,,
619,sample_620,Clc1ccc(Cl)c(Cl)c1,-3.59,25,298.15,0.997,,
620,sample_621,O=C(Nc1ccccc1)c1ccccc1O,-3.59,25,298.15,0.997,,
621,sample_622,c1ccc2ccccc2c1,-3.60,25,298.15,0.997,,
622,sample_623,O=C1Nc2ccc(Cl)cc2C(c2ccccc2Cl)=NC1O,-3.60,25,298.15,0.997,,
623,sample_624,N#Cc1cc(I)c(O)c(I)c1,-3.61,25,298.15,0.997,,
624,sample_625,CC(C)(C)C(=O)C(Oc1ccc(Cl)cc1)n1cncn1,-3.61,25,298.15,0.997,,
625,sample_626,CCCCCCCCCCO,-3.63,25,298.15,0.997,,
626,sample_627,Clc1ccc(Br)cc1,-3.63,25,298.15,0.997,,
627,sample_628,CC1CC2C3CCC4=CC(=O)C=CC4(C)C3(F)C(O)CC2(C)C1(O)C(=O)CO,-3.64,25,298.15,0.997,,
628,sample_629,CC(CCC(=O)O)C1CCC2C3C(O)CC4CC(O)CCC4(C)C3CCC12C,-3.64,25,298.15,0.997,,
629,sample_630,CNCCCN1c2ccccc2CCc2ccccc21,-3.66,25,298.15,0.997,,
630,sample_631,C#CCCCCCC,-3.66,25,298.15,0.997,,
631,sample_632,ClC(Cl)(Cl)C(Cl)(Cl)Cl,-3.67,25,298.15,0.997,,
632,sample_633,O=C(O)CCCOc1ccc(Cl)cc1Cl,-3.67,25,298.15,0.997,,
633,sample_634,Cc1cc2nc3c(=O)[nH]c(=O)nc-3n(CC(O)C(O)C(O)CO)c2cc1C,-3.68,25,298.15,0.997,,
634,sample_635,Cc1ccc(S(=O)(=O)NC(=O)NN2CCCCCC2)cc1,-3.68,25,298.15,0.997,,
635,sample_636,CC12C=CC(=O)C=C1CCC1C3CC(O)C(O)(C(=O)CO)C3(C)CC(O)C12F,-3.69,25,298.15,0.997,,
636,sample_637,CC12CCC3C(CCC4=CC(=O)CCC43C)C1CCC2=O,-3.69,25,298.15,0.997,,
637,sample_638,CC(C(=O)O)c1cccc(C(=O)c2ccccc2)c1,-3.70,25,298.15,0.997,,
638,sample_639,Nc1ccc(S(=O)(=O)Nc2cnccn2)cc1,-3.70,25,298.15,0.997,,
639,sample_640,CCC(=O)N(c1ccccc1)C1(COC)CCN(CCc2cccs2)CC1,-3.71,25,298.15,0.997,,
640,sample_641,CCCCC1C(=O)N(c2ccccc2)N(c2ccc(O)cc2)C1=O,-3.73,25,298.15,0.997,,
641,sample_642,CCCC(C)C,-3.74,25,298.15,0.997,,
642,sample_643,CCc1ccc(CC)cc1,-3.75,25,298.15,0.997,,
643,sample_644,O=NN(c1ccccc1)c1ccccc1,-3.75,25,298.15,0.997,,
644,sample_645,COC(=O)C(Cl)Cc1ccc(Cl)cc1,-3.77,25,298.15,0.997,,
645,sample_646,Cc1ccc2ccccc2c1,-3.77,25,298.15,0.997,,
646,sample_647,Cc1ccccc1N1C(=O)c2cc(S(N)(=O)=O)c(Cl)cc2NC1C,-3.78,25,298.15,0.997,,
647,sample_648,Cc1cccc(C)c1NC(=O)c1cc(S(N)(=O)=O)c(Cl)cc1O,-3.79,25,298.15,0.997,,
648,sample_649,CN1C(=O)CN=C(c2ccccc2)c2cc([N+](=O)[O-])ccc21,-3.80,25,298.15,0.997,,
649,sample_650,CCOc1ccc2nc(S(N)(=O)=O)sc2c1,-3.81,25,298.15,0.997,,
650,sample_651,CCCCC1C(=O)N(c2ccccc2)N(c2ccccc2)C1=O,-3.81,25,298.15,0.997,,
651,sample_652,CCCCCCBr,-3.81,25,298.15,0.997,,
652,sample_653,CC(CCC(=O)O)C1CCC2C3CC(O)C4CC(O)CCC4(C)C3CCC12C,-3.82,25,298.15,0.997,,
653,sample_654,CCCCOc1ccc(C(=O)OCCN(CC)CC)cc1,-3.84,25,298.15,0.997,,
654,sample_655,CCC(C)c1ccccc1,-3.89,25,298.15,0.997,,
655,sample_656,Clc1cccc2ccccc12,-3.93,25,298.15,0.997,,
656,sample_657,CCCCCCOC(=O)c1ccc(N)cc1,-3.95,25,298.15,0.997,,
657,sample_658,Oc1ccc(Cl)cc1Cc1cc(Cl)ccc1O,-3.95,25,298.15,0.997,,
658,sample_659,C1=Cc2cccc3cccc1c23,-3.96,25,298.15,0.997,,
659,sample_660,CC12CCC3c4ccc(O)cc4CCC3C1CCC2=O,-3.96,25,298.15,0.997,,
660,sample_661,Cc1ccnc2c1ccc1c(C)ccnc12,-3.97,25,298.15,0.997,,
661,sample_662,N#Cc1ccc2c(c1)N(CCCN1CCC(O)CC1)c1ccccc1S2,-3.98,25,298.15,0.997,,
662,sample_663,CC(C)Cc1ccc(C(C)C(=O)O)cc1,-3.99,25,298.15,0.997,,
663,sample_664,CCNc1nc(NC(C)(C)C)nc(SC)n1,-4.00,25,298.15,0.997,,
664,sample_665,C=C(C)C1CC=C(C)CC1,-4.00,25,298.15,0.997,,
665,sample_666,COc1c(O)c(Cl)c(Cl)c(Cl)c1Cl,-4.02,25,298.15,0.997,,
666,sample_667,CNc1cnn(-c2cccc(C(F)(F)F)c2)c(=O)c1Cl,-4.04,25,298.15,0.997,,
667,sample_668,CCNc1nc(Cl)nc(N(CC)CC)n1,-4.06,25,298.15,0.997,,
668,sample_669,CC(C)N(C(=O)SCC(Cl)=CCl)C(C)C,-4.08,25,298.15,0.997,,
669,sample_670,Cc1nnc2n1-c1ccc(Cl)cc1C(c1ccccc1Cl)=NC2,-4.08,25,298.15,0.997,,
670,sample_671,CCCCCCCCCC(=O)OCC,-4.10,25,298.15,0.997,,
671,sample_672,CC(=O)C1(O)CCC2C3CC(C)C4=CC(=O)C=CC4(C)C3(F)C(O)CC21C,-4.10,25,298.15,0.997,,
672,sample_673,CC1CCCCC1NC(=O)Nc1ccccc1,-4.11,25,298.15,0.997,,
673,sample_674,CC(C)(C)C(=O)C1C(=O)c2ccccc2C1=O,-4.11,25,298.15,0.997,,
674,sample_675,CC(C)Cc1ccccc1,-4.12,25,298.15,0.997,,
675,sample_676,CC12CCC3C(CC=C4CC(O)CCC43C)C1CCC2=O,-4.12,25,298.15,0.997,,
676,sample_677,Cc1ccc(C)c2ccccc12,-4.14,25,298.15,0.997,,
677,sample_678,Clc1ccc2ccccc2c1,-4.14,25,298.15,0.997,,
678,sample_679,CCC(C)(C)c1ccccc1,-4.15,25,298.15,0.997,,
679,sample_680,OCCN1CCN(CCCN2c3ccccc3Sc3ccc(C(F)(F)F)cc32)CC1,-4.15,25,298.15,0.997,,
680,sample_681,COc1ccc(Oc2ccc(NC(=O)N(C)C)cc2)cc1,-4.16,25,298.15,0.997,,
681,sample_682,COc1ccc2cc(C(C)C(=O)O)ccc2c1,-4.16,25,298.15,0.997,,
682,sample_683,CCCCc1c(C)nc(NCC)nc1OS(=O)(=O)N(C)C,-4.16,25,298.15,0.997,,
683,sample_684,OCCN1CCN(CCCN2c3ccccc3Sc3ccc(Cl)cc32)CC1,-4.16,25,298.15,0.997,,
684,sample_685,CC12CCC3C(CCC4CC(O)CCC43C)C1CCC2=O,-4.16,25,298.15,0.997,,
685,sample_686,CCc1cccc2ccccc12,-4.17,25,298.15,0.997,,
686,sample_687,c1ccc(Cc2ccccc2)cc1,-4.17,25,298.15,0.997,,
687,sample_688,COC(=O)C1(O)c2ccccc2-c2ccc(Cl)cc21,-4.18,25,298.15,0.997,,
688,sample_689,CN(C)CCCN1c2ccccc2CCc2ccccc21,-4.19,25,298.15,0.997,,
689,sample_690,CCCCOCN(C(=O)CCl)c1c(CC)cccc1CC,-4.19,25,298.15,0.997,,
690,sample_691,O=CNC(N1CCN(C(NC=O)C(Cl)(Cl)Cl)CC1)C(Cl)(Cl)Cl,-4.19,25,298.15,0.997,,
691,sample_692,CC(C)OP(=S)(OC(C)C)SCCNS(=O)(=O)c1ccccc1,-4.20,25,298.15,0.997,,
692,sample_693,Cc1ccc(S(=O)(=O)NC(=O)NC2CCCCC2)cc1,-4.21,25,298.15,0.997,,
693,sample_694,O=C(Nc1ccccc1)c1ccccc1I,-4.21,25,298.15,0.997,,
694,sample_695,COc1ccc2c(c1)N(CC(C)CN(C)C)c1ccccc1S2,-4.22,25,298.15,0.997,,
695,sample_696,Nc1cccc2nc3ccccc3cc12,-4.22,25,298.15,0.997,,
696,sample_697,CCOP(=S)(OCC)SCCSCC,-4.23,25,298.15,0.997,,
697,sample_698,CNC(=O)Oc1cc(C(C)(C)C)cc(C(C)(C)C)c1,-4.24,25,298.15,0.997,,
698,sample_699,N#Cc1c(Cl)cccc1Cl,-4.24,25,298.15,0.997,,
699,sample_700,C#CCCCCCCC,-4.24,25,298.15,0.997,,
700,sample_701,CCC1CCCCC1,-4.25,25,298.15,0.997,,
701,sample_702,CC(C)CC(C)C,-4.26,25,298.15,0.997,,
702,sample_703,CC1CCCCC1C,-4.27,25,298.15,0.997,,
703,sample_704,Cc1cc(C)c2ccccc2c1,-4.29,25,298.15,0.997,,
704,sample_705,CC(=O)OCC(=O)C1(O)CCC2C3CCC4=CC(=O)CCC4(C)C3C(O)CC21C,-4.30,25,298.15,0.997,,
705,sample_706,COc1ccc2ccc(=O)oc2c1CC=C(C)C,-4.31,25,298.15,0.997,,
706,sample_707,CCCCCCCCCCCCCCC(=O)O,-4.31,25,298.15,0.997,,
707,sample_708,c1ccc(-c2ccccc2)cc1,-4.31,25,298.15,0.997,,
708,sample_709,CC1CCCCC1C,-4.33,25,298.15,0.997,,
709,sample_710,Brc1cccc2ccccc12,-4.35,25,298.15,0.997,,
710,sample_711,CC(CCC(=O)O)C1CCC2C3CC(O)C4CC(O)CCC4(C)C3CC(O)C12C,-4.35,25,298.15,0.997,,
711,sample_712,CCC(=C(CC)c1ccc(O)cc1)c1ccc(O)cc1,-4.35,25,298.15,0.997,,
712,sample_713,O=C(O)c1ccccc1Nc1cccc(C(F)(F)F)c1,-4.36,25,298.15,0.997,,
713,sample_714,CC(=O)OCC(=O)C1(O)CCC2C3CCC4=CC(=O)C=CC4(C)C3C(O)CC21C,-4.37,25,298.15,0.997,,
714,sample_715,O=C(Nc1cccc(Cl)c1)OCC#CCCl,-4.37,25,298.15,0.997,,
715,sample_716,CC12CCC3C(CCC4CC(O)CCC43C)C1CCC2=O,-4.40,25,298.15,0.997,,
716,sample_717,Brc1ccc2ccccc2c1,-4.40,25,298.15,0.997,,
717,sample_718,CN1CCN(CCCN2c3ccccc3Sc3ccc(Cl)cc32)CC1,-4.40,25,298.15,0.997,,
718,sample_719,CCCCOC(=O)c1ccccc1C(=O)OCCCC,-4.40,25,298.15,0.997,,
719,sample_720,CC(=O)C1CCC2C3CCC4=CC(=O)CCC4(C)C3CCC12C,-4.43,25,298.15,0.997,,
720,sample_721,CC(C)Nc1nc(Cl)nc(NC(C)C)n1,-4.43,25,298.15,0.997,,
721,sample_722,Cn1cc(-c2ccccc2)c(=O)c(-c2cccc(C(F)(F)F)c2)c1,-4.44,25,298.15,0.997,,
722,sample_723,C=CCCCCCC,-4.44,25,298.15,0.997,,
723,sample_724,c1ccc(N=Nc2ccccc2)cc1,-4.45,25,298.15,0.997,,
724,sample_725,CC(=O)OC1CCC2(C)C(=CCC3C4CCC(=O)C4(C)CCC32)C1,-4.46,25,298.15,0.997,,
725,sample_726,Oc1cc(Cl)ccc1Oc1ccc(Cl)cc1Cl,-4.46,25,298.15,0.997,,
726,sample_727,CC1CCC(C)CC1,-4.47,25,298.15,0.997,,
727,sample_728,CC(C(=O)O)c1ccc(-c2ccccc2)c(F)c1,-4.49,25,298.15,0.997,,
728,sample_729,Brc1ccc(Br)c(Br)c1,-4.50,25,298.15,0.997,,
729,sample_730,ClC1C(Cl)C(Cl)C(Cl)C(Cl)C1Cl,-4.51,25,298.15,0.997,,
730,sample_731,CCCCCCC,-4.53,25,298.15,0.997,,
731,sample_732,Clc1ccccc1-c1ccccc1,-4.54,25,298.15,0.997,,
732,sample_733,CCNc1nc(Cl)nc(NCC)n1,-4.55,25,298.15,0.997,,
733,sample_734,Clc1ccc(Cl)c(Cl)c1Cl,-4.57,25,298.15,0.997,,
734,sample_735,C#CC1(O)CCC2C3CCC4=CC(=O)CCC4C3CCC21C,-4.57,25,298.15,0.997,,
735,sample_736,CCCCCCCOC(=O)c1ccc(N)cc1,-4.60,25,298.15,0.997,,
736,sample_737,S=C=Nc1cccc2ccccc12,-4.60,25,298.15,0.997,,
737,sample_738,c1ccc2c(c1)oc1ccccc12,-4.60,25,298.15,0.997,,
738,sample_739,COC1=CC(=O)CC(C)C12Oc1c(Cl)c(OC)cc(OC)c1C2=O,-4.61,25,298.15,0.997,,
739,sample_740,COc1ccc2c(c1)c(CC(=O)O)c(C)n2C(=O)c1ccc(Cl)cc1,-4.62,25,298.15,0.997,,
740,sample_741,CCCCCCCCCCCC(=O)O,-4.62,25,298.15,0.997,,
741,sample_742,CCCCCCCCCC(=O)OC,-4.63,25,298.15,0.997,,
742,sample_743,Clc1cc(Cl)c(Cl)c(Cl)c1,-4.63,25,298.15,0.997,,
743,sample_744,c1cc2c3c(cccc3c1)CC2,-4.63,25,298.15,0.997,,
744,sample_745,CCCCCc1ccccc1,-4.64,25,298.15,0.997,,
745,sample_746,CC(C)COC(=O)c1ccccc1C(=O)OCC(C)C,-4.66,25,298.15,0.997,,
746,sample_747,CCCCCCCCCCCCO,-4.67,25,298.15,0.997,,
747,sample_748,CCCCCCCCCCCC(=O)OC,-4.69,25,298.15,0.997,,
748,sample_749,CC(=O)OCCN1CCN(CCCN2c3ccccc3Sc3ccc(Cl)cc32)CC1,-4.70,25,298.15,0.997,,
749,sample_750,O=C(Nc1ccc([N+](=O)[O-])cc1Cl)c1cc(Cl)ccc1O,-4.70,25,298.15,0.997,,
750,sample_751,CC(=O)C1(O)CCC2C3CCC4=CC(=O)CCC4(C)C3CCC21C,-4.71,25,298.15,0.997,,
751,sample_752,CCCCC(=O)OC1(C(=O)CO)C(C)CC2C3CCC4=CC(=O)C=CC4(C)C3(F)C(O)CC21C,-4.71,25,298.15,0.997,,
752,sample_753,CCCC1CCCC1,-4.74,25,298.15,0.997,,
753,sample_754,CN1CCCC(CN2c3ccccc3Sc3ccccc32)C1,-4.74,25,298.15,0.997,,
754,sample_755,Cc1cccc2c(C)cccc12,-4.74,25,298.15,0.997,,
755,sample_756,CCCCN(C)C(=O)Nc1ccc(Cl)c(Cl)c1,-4.77,25,298.15,0.997,,
756,sample_757,CCCCCCCI,-4.81,25,298.15,0.997,,
757,sample_758,Cc1cccc(Oc2cccc(C)c2)c1,-4.85,25,298.15,0.997,,
758,sample_759,CCN(CC)C(=S)SSC(=S)N(CC)CC,-4.86,25,298.15,0.997,,
759,sample_760,Clc1cccc(-c2ccccc2)c1,-4.88,25,298.15,0.997,,
760,sample_761,CC(=O)OC1(C(=O)CO)C(C)CC2C3CCC4=CC(=O)C=CC4(C)C3(F)C(O)CC21C,-4.90,25,298.15,0.997,,
761,sample_762,c1ccc2c(c1)Cc1ccccc1-2,-4.91,25,298.15,0.997,,
762,sample_763,Nc1ccc(-c2ccc(N)c(Cl)c2)cc1Cl,-4.92,25,298.15,0.997,,
763,sample_764,Cc1ccc(C)c2c(C)cccc12,-4.92,25,298.15,0.997,,
764,sample_765,CC(C)OC(=O)C(O)(c1ccc(Br)cc1)c1ccc(Br)cc1,-4.93,25,298.15,0.997,,
765,sample_766,CC=C(C(=CC)c1ccc(O)cc1)c1ccc(O)cc1,-4.95,25,298.15,0.997,,
766,sample_767,CC(=O)OC1(C(C)=O)CCC2C3C=C(Cl)C4=CC(=O)C=CC4(C)C3CCC21C,-4.95,25,298.15,0.997,,
767,sample_768,c1ccc2c(c1)[nH]c1ccccc12,-4.97,25,298.15,0.997,,
768,sample_769,Clc1cc(Cl)c2nsnc2c1Cl,-4.98,25,298.15,0.997,,
769,sample_770,CN(C)CCCN1c2ccccc2Sc2ccc(Cl)cc21,-5.01,25,298.15,0.997,,
770,sample_771,O=C1C(Cl)=C(NC(=O)C(Cl)Cl)C(=O)c2ccccc21,-5.03,25,298.15,0.997,,
771,sample_772,Brc1cccc(Br)c1Br,-5.04,25,298.15,0.997,,
772,sample_773,C=CCCCCCCC,-5.05,25,298.15,0.997,,
773,sample_774,CCCCCCCCBr,-5.06,25,298.15,0.997,,
774,sample_775,O=C(O)CCC(=O)c1ccc(-c2ccccc2)cc1,-5.06,25,298.15,0.997,,
775,sample_776,COc1ccc(Cl)cc1C(=O)NCCc1ccc(S(=O)(=O)NC(=O)NC2CCCCC2)cc1,-5.09,25,298.15,0.997,,
776,sample_777,CCCCSP(=O)(SCCCC)SCCCC,-5.14,25,298.15,0.997,,
777,sample_778,CC(CCC(=O)NCC(=O)O)C1CCC2C3C(O)CC4CC(O)CCC4(C)C3CC(O)C12C,-5.15,25,298.15,0.997,,
778,sample_779,Nc1ccc2cc3ccccc3cc2c1,-5.17,25,298.15,0.997,,
779,sample_780,ClC1=C(Cl)C(Cl)(Cl)C(Cl)=C1Cl,-5.18,25,298.15,0.997,,
780,sample_781,COC(C)(C)CCCC(C)CC=CC(C)=CC(=O)OC(C)C,-5.19,25,298.15,0.997,,
781,sample_782,O=C1c2ccccc2C(=O)c2ccccc21,-5.19,25,298.15,0.997,,
782,sample_783,Clc1cccc(Cl)c1-c1ccccc1,-5.21,25,298.15,0.997,,
783,sample_784,NC(Cc1cc(I)c(Oc2ccc(O)c(I)c2)c(I)c1)C(=O)O,-5.22,25,298.15,0.997,,
784,sample_785,Cc1cccc2c1Cc1ccccc1-2,-5.22,25,298.15,0.997,,
785,sample_786,CCCCCCCC,-5.24,25,298.15,0.997,,
786,sample_787,Clc1ccc(-c2ccccc2)c(Cl)c1,-5.25,25,298.15,0.997,,
787,sample_788,CC(=O)C1(C)CCC2C3C=C(C)C4=CC(=O)CCC4(C)C3CCC21C,-5.27,25,298.15,0.997,,
788,sample_789,Clc1ccccc1-c1ccccc1Cl,-5.27,25,298.15,0.997,,
789,sample_790,CC12CCC3C(=CCc4cc(O)ccc43)C1CCC2=O,-5.28,25,298.15,0.997,,
790,sample_791,Clc1ccc(-c2ccccc2Cl)cc1,-5.28,25,298.15,0.997,,
791,sample_792,CN(C)CCCN1c2ccccc2Sc2ccc(C(F)(F)F)cc21,-5.30,25,298.15,0.997,,
792,sample_793,c1ccc2c(c1)Oc1ccccc1O2,-5.31,25,298.15,0.997,,
793,sample_794,CCCCCCCCCCCCCC(=O)O,-5.33,25,298.15,0.997,,
794,sample_795,CC(=O)OC1(C(C)=O)CCC2C3C=C(C)C4=CC(=O)CCC4(C)C3CCC21C,-5.35,25,298.15,0.997,,
795,sample_796,CCC(=O)OC1CCC2C3CCC4=CC(=O)CCC4(C)C3CCC12C,-5.37,25,298.15,0.997,,
796,sample_797,CCCCCCCCOC(=O)c1ccc(N)cc1,-5.40,25,298.15,0.997,,
797,sample_798,c1ccc2nc(-c3ccc4ccccc4n3)ccc2c1,-5.40,25,298.15,0.997,,
798,sample_799,O=C1C2CC=CCC2C(=O)N1SC(Cl)(Cl)C(Cl)Cl,-5.40,25,298.15,0.997,,
799,sample_800,CC12CCC3C(CCC4CC5SC5CC43C)C1CCC2O,-5.41,25,298.15,0.997,,
800,sample_801,Clc1c(Cl)c(Cl)c2nccnc2c1Cl,-5.43,25,298.15,0.997,,
801,sample_802,O=[N+]([O-])c1ccc(Oc2ccc(Cl)cc2Cl)cc1,-5.46,25,298.15,0.997,,
802,sample_803,CCN(CC)c1c([N+](=O)[O-])cc(C(F)(F)F)c(N)c1[N+](=O)[O-],-5.47,25,298.15,0.997,,
803,sample_804,Cc1ccc(N=CN(C)C=Nc2ccc(C)cc2C)c(C)c1,-5.47,25,298.15,0.997,,
804,sample_805,CC(C)(C)CC(=O)OCC(=O)C1(O)CCC2C3CCC4=CC(=O)CCC4(C)C3C(O)CC21C,-5.51,25,298.15,0.997,,
805,sample_806,CCCCN(CC)c1c([N+](=O)[O-])cc(C(F)(F)F)cc1[N+](=O)[O-],-5.53,25,298.15,0.997,,
806,sample_807,CCOP(=S)(OCC)SCSP(=S)(OCC)OCC,-5.54,25,298.15,0.997,,
807,sample_808,COc1ccc2c(c1)c(CC(=O)O)c(C)n2C(=O)C=Cc1ccccc1,-5.54,25,298.15,0.997,,
808,sample_809,CCCCOC(=O)c1ccccc1C(=O)OCc1ccccc1,-5.64,25,298.15,0.997,,
809,sample_810,ClC1=C(Cl)C2(Cl)C3CC=CC3C1(Cl)C2(Cl)Cl,-5.64,25,298.15,0.997,,
810,sample_811,Clc1cc(Cl)c(Cl)c(Cl)c1Cl,-5.65,25,298.15,0.997,,
811,sample_812,C#CC1(O)CCC2C3CCC4=CC(=O)CCC4(C)C3CCC21C,-5.66,25,298.15,0.997,,
812,sample_813,CCCCCCCCCCCCCCCCCC(=O)O,-5.68,25,298.15,0.997,,
813,sample_814,CC(C)Oc1cc(-n2nc(C(C)(C)C)oc2=O)c(Cl)cc1Cl,-5.69,25,298.15,0.997,,
814,sample_815,CC12CCC3C(CCC4CCCCC43C)C1CCC2=O,-6.70,25,298.15,0.997,,
815,sample_816,COP(=S)(OC)Oc1cc(Cl)c(Cl)cc1Cl,-5.72,25,298.15,0.997,,
816,sample_817,O=[N+]([O-])c1c(Cl)c(Cl)c(Cl)c(Cl)c1Cl,-5.82,25,298.15,0.997,,
817,sample_818,c1ccc2c(c1)-c1cccc3cccc-2c13,-6.00,25,298.15,0.997,,
818,sample_819,Clc1cccc(-c2cc(Cl)ccc2Cl)c1,-6.01,25,298.15,0.997,,
819,sample_820,O=C(NC(=O)c1c(F)cccc1F)Nc1ccc(Cl)cc1,-6.02,25,298.15,0.997,,
820,sample_821,CCCCCCCCCCCCCCO,-6.05,25,298.15,0.997,,
821,sample_822,Clc1cc(Cl)c(-c2ccccc2)c(Cl)c1,-6.14,25,298.15,0.997,,
822,sample_823,c1cc2ccc3cccc4ccc(c1)c2c34,-6.19,25,298.15,0.997,,
823,sample_824,Nc1cc2c3ccccc3ccc2c2ccccc12,-6.20,25,298.15,0.997,,
824,sample_825,Clc1ccc(-c2cc(Cl)ccc2Cl)cc1,-6.25,25,298.15,0.997,,
825,sample_826,Clc1ccc(-c2cccc(Cl)c2Cl)cc1,-6.26,25,298.15,0.997,,
826,sample_827,Clc1cc(Cl)c(-c2ccccc2)cc1Cl,-6.27,25,298.15,0.997,,
827,sample_828,ClC1=C(Cl)C2(Cl)C3C4CC(C5OC45)C3C1(Cl)C2(Cl)Cl,-6.29,25,298.15,0.997,,
828,sample_829,Clc1ccc(-c2ccccc2Cl)cc1Cl,-6.29,25,298.15,0.997,,
829,sample_830,CCOP(=S)(OCC)SC(CCl)N1C(=O)c2ccccc2C1=O,-6.34,25,298.15,0.997,,
830,sample_831,c1ccc2cc3ccccc3cc2c1,-6.35,25,298.15,0.997,,
831,sample_832,ClC(Cl)=C(c1ccc(Cl)cc1)c1ccccc1Cl,-6.36,25,298.15,0.997,,
832,sample_833,Clc1ccc(-c2ccccc2)cc1Cl,-6.39,25,298.15,0.997,,
833,sample_834,Clc1ccc(Cl)c(-c2cccc(Cl)c2Cl)c1,-6.47,25,298.15,0.997,,
834,sample_835,Clc1ccc(C(c2ccccc2Cl)C(Cl)Cl)cc1,-6.51,25,298.15,0.997,,
835,sample_836,Clc1ccc(-c2ccc(Cl)cc2)cc1,-6.56,25,298.15,0.997,,
836,sample_837,Clc1ccc(-c2cc(Cl)ccc2Cl)c(Cl)c1,-6.57,25,298.15,0.997,,
837,sample_838,Cc1c2ccccc2c(C)c2ccccc12,-6.57,25,298.15,0.997,,
838,sample_839,COP(=S)(OC)Oc1cc(Cl)c(I)cc1Cl,-6.62,25,298.15,0.997,,
839,sample_840,c1ccc2c(c1)Cc1c-2ccc2ccccc12,-6.68,25,298.15,0.997,,
840,sample_841,c1ccc2c(c1)c1ccccc1c1ccccc21,-6.74,25,298.15,0.997,,
841,sample_842,Clc1ccc(Cl)c(-c2c(Cl)cccc2Cl)c1,-6.80,25,298.15,0.997,,
842,sample_843,CCc1ccc2cc3ccccc3cc2c1,-6.89,25,298.15,0.997,,
843,sample_844,ClC(Cl)=C(c1ccc(Cl)cc1)c1ccc(Cl)cc1,-6.90,25,298.15,0.997,,
844,sample_845,Cc1ccc2cc3ccccc3cc2c1,-6.96,25,298.15,0.997,,
845,sample_846,Cc1c2ccccc2c(C)c2c1ccc1ccccc12,-7.02,25,298.15,0.997,,
846,sample_847,c1ccc(-c2ccc(-c3ccccc3)cc2)cc1,-7.11,25,298.15,0.997,,
847,sample_848,Clc1ccc(C(c2ccc(Cl)cc2)C(Cl)Cl)cc1,-7.20,25,298.15,0.997,,
848,sample_849,Clc1ccccc1-c1cc(Cl)c(Cl)c(Cl)c1Cl,-7.21,25,298.15,0.997,,
849,sample_850,Clc1ccc(Cl)c(-c2ccc(Cl)c(Cl)c2)c1,-7.25,25,298.15,0.997,,
850,sample_851,Clc1cccc(-c2cccc(Cl)c2Cl)c1Cl,-7.28,25,298.15,0.997,,
851,sample_852,CC1CCC2(OC1)OC1CC3C4CC=C5CC(O)CCC5(C)C4CCC3(C)C1C2C,-7.32,25,298.15,0.997,,
852,sample_853,Clc1cc(Cl)c(-c2c(Cl)cccc2Cl)c(Cl)c1,-7.32,25,298.15,0.997,,
853,sample_854,Clc1ccc(-c2cc(Cl)c(Cl)cc2Cl)cc1Cl,-7.39,25,298.15,0.997,,
854,sample_855,Clc1cccc(Cl)c1-c1c(Cl)cccc1Cl,-7.39,25,298.15,0.997,,
855,sample_856,c1ccc2c(c1)ccc1c3ccc4ccccc4c3[nH]c21,-7.42,25,298.15,0.997,,
856,sample_857,Clc1ccc(Cl)c(-c2c(Cl)c(Cl)cc(Cl)c2Cl)c1,-7.42,25,298.15,0.997,,
857,sample_858,Clc1ccccc1-c1c(Cl)cc(Cl)c(Cl)c1Cl,-7.43,25,298.15,0.997,,
858,sample_859,Clc1ccc(-c2c(Cl)cc(Cl)c(Cl)c2Cl)cc1Cl,-7.66,25,298.15,0.997,,
859,sample_860,Clc1ccc(Cl)c(-c2cc(Cl)c(Cl)c(Cl)c2Cl)c1,-7.68,25,298.15,0.997,,
860,sample_861,Clc1ccc(-c2ccc(Cl)c(Cl)c2)c(Cl)c1,-7.80,25,298.15,0.997,,
861,sample_862,Clc1ccc(-c2cc(Cl)c(Cl)c(Cl)c2Cl)cc1Cl,-7.82,25,298.15,0.997,,
862,sample_863,Clc1c(Cl)c(Cl)c(-c2ccccc2)c(Cl)c1Cl,-7.92,25,298.15,0.997,,
863,sample_864,Clc1cc(Cl)c(-c2c(Cl)cc(Cl)c(Cl)c2Cl)cc1Cl,-7.92,25,298.15,0.997,,
864,sample_865,Cc1ccc2cc3c(ccc4ccccc43)c3c2c1CC3,-7.92,25,298.15,0.997,,
865,sample_866,c1ccc2c3c(ccc2c1)-c1cccc2cccc-3c12,-8.00,25,298.15,0.997,,
866,sample_867,Clc1ccc(-c2ccc(Cl)c(Cl)c2Cl)c(Cl)c1Cl,-8.01,25,298.15,0.997,,
867,sample_868,c1ccc2c(c1)cc1ccc3cccc4ccc2c1c34,-8.19,25,298.15,0.997,,
868,sample_869,c1ccc2c(c1)-c1cccc3c1c-2cc1ccccc13,-8.23,25,298.15,0.997,,
869,sample_870,FC(F)(F)c1cccc(C(c2ccccc2)(c2ccccc2)n2cncn2)c1,-8.40,25,298.15,0.997,,
870,sample_871,Clc1cc(Cl)c(-c2cc(Cl)c(Cl)cc2Cl)cc1Cl,-8.56,25,298.15,0.997,,
871,sample_872,Clc1cccc(-c2c(Cl)c(Cl)cc(Cl)c2Cl)c1Cl,-8.60,25,298.15,0.997,,
872,sample_873,Clc1cc(Cl)c(-c2c(Cl)cc(Cl)cc2Cl)c(Cl)c1,-8.71,25,298.15,0.997,,
873,sample_874,c1cc2cccc3c4cccc5cccc(c(c1)c23)c54,-8.80,25,298.15,0.997,,
874,sample_875,Clc1ccc(Cl)c(-c2c(Cl)c(Cl)c(Cl)c(Cl)c2Cl)c1,-8.94,25,298.15,0.997,,
875,sample_876,Clc1cc(Cl)c(Cl)c(-c2c(Cl)c(Cl)cc(Cl)c2Cl)c1Cl,-9.15,25,298.15,0.997,,
876,sample_877,Clc1cc(-c2cc(Cl)c(Cl)c(Cl)c2Cl)c(Cl)c(Cl)c1Cl,-9.16,25,298.15,0.997,,
877,sample_878,Clc1c(Cl)c(Cl)c(-c2c(Cl)c(Cl)c(Cl)c(Cl)c2Cl)c(Cl)c1Cl,-11.62,25,298.15,0.997,,
878,sample_879,CNC(N)=O,1.13,25,298.15,0.997,,
879,sample_880,O=C1CCCO1,1.07,25,298.15,0.997,,
880,sample_881,O=C1CCCN1,1.07,25,298.15,0.997,,
881,sample_882,C1COCCN1,1.06,25,298.15,0.997,,
882,sample_883,OC1CCOC1,1.05,25,298.15,0.997,,
883,sample_884,CN1CCCC1=O,1.00,25,298.15,0.997,,
884,sample_885,OCc1cccnc1,0.96,25,298.15,0.997,,
885,sample_886,NC(N)=O,0.96,25,298.15,0.997,,
886,sample_887,C=CC(N)=O,0.96,25,298.15,0.997,,
887,sample_888,CN(C)C(=O)N(C)C,0.94,25,298.15,0.997,,
888,sample_889,CN(C)C,0.84,25,298.15,0.997,,
889,sample_890,CN1CCCC1c1cccnc1,0.79,25,298.15,0.997,,
890,sample_891,OCC1OC(O)C(O)C(O)C1O,0.74,25,298.15,0.997,,
891,sample_892,OCC(O)C(O)CO,0.70,25,298.15,0.997,,
892,sample_893,COC(C)=O,0.52,25,298.15,0.997,,
893,sample_894,O=C(O)CC(O)(CC(=O)O)C(=O)O,0.51,25,298.15,0.997,,
894,sample_895,CCOP(=O)(OCC)OCC,0.43,25,298.15,0.997,,
895,sample_896,CCC(C)O,0.43,25,298.15,0.997,,
896,sample_897,O=C(O)C(=O)O,0.38,25,298.15,0.997,,
897,sample_898,Cc1cncc(C)c1,0.38,25,298.15,0.997,,
898,sample_899,Cc1ccncc1C,0.36,25,298.15,0.997,,
899,sample_900,NC(N)=S,0.32,25,298.15,0.997,,
900,sample_901,CC(O)C(F)(F)F,0.30,25,298.15,0.997,,
901,sample_902,Cc1cnc2cncnc2n1,0.06,25,298.15,0.997,,
902,sample_903,C=C(C)C(=O)O,0.01,25,298.15,0.997,,
903,sample_904,CCCCO,0.00,25,298.15,0.997,,
904,sample_905,NC(=O)CCl,-0.02,25,298.15,0.997,,
905,sample_906,CCOC(C)=O,-0.04,25,298.15,0.997,,
906,sample_907,COC(C)C,-0.06,25,298.15,0.997,,
907,sample_908,OC(CCl)CCl,-0.11,25,298.15,0.997,,
908,sample_909,CCC(=O)OC,-0.14,25,298.15,0.997,,
909,sample_910,Oc1ccc(O)cc1,-0.17,25,298.15,0.997,,
910,sample_911,COP(=O)(OC)C(O)C(Cl)(Cl)Cl,-0.22,25,298.15,0.997,,
911,sample_912,COC(C)(C)C,-0.24,25,298.15,0.997,,
912,sample_913,NC(=O)OCc1ccccc1,-0.35,25,298.15,0.997,,
913,sample_914,Nc1nccs1,-0.36,25,298.15,0.997,,
914,sample_915,O=C1CNC(=O)N1,-0.40,25,298.15,0.997,,
915,sample_916,O=C1NC(=O)C(=O)N1,-0.40,25,298.15,0.997,,
916,sample_917,CC(C)(C)CO,-0.40,25,298.15,0.997,,
917,sample_918,Nc1ccc(C(=O)O)cc1,-0.40,25,298.15,0.997,,
918,sample_919,Nc1ccccc1,-0.41,25,298.15,0.997,,
919,sample_920,CC(C)C(C)(C)O,-0.41,25,298.15,0.997,,
920,sample_921,CCCCOCCO,-0.42,25,298.15,0.997,,
921,sample_922,CCOC(C)OCC,-0.43,25,298.15,0.997,,
922,sample_923,O=C(O)CCI,-0.43,25,298.15,0.997,,
923,sample_924,CCCNCCC,-0.46,25,298.15,0.997,,
924,sample_925,CCC(C)CO,-0.47,25,298.15,0.997,,
925,sample_926,O=C(O)c1ccco1,-0.48,25,298.15,0.997,,
926,sample_927,CCCC(C)(C)O,-0.49,25,298.15,0.997,,
927,sample_928,CC(C)CCO,-0.52,25,298.15,0.997,,
928,sample_929,CC(=O)OC(C)C,-0.55,25,298.15,0.997,,
929,sample_930,CCOC(C)C,-0.55,25,298.15,0.997,,
930,sample_931,CCS,-0.60,25,298.15,0.997,,
931,sample_932,CCCCCO,-0.60,25,298.15,0.997,,
932,sample_933,CC(C)[N+](=O)[O-],-0.62,25,298.15,0.997,,
933,sample_934,Cc1c(N)c(=O)n(-c2ccccc2)n1C,-0.62,25,298.15,0.997,,
934,sample_935,Cc1ccccc1O,-0.62,25,298.15,0.997,,
935,sample_936,S=C1NCCN1,-0.71,25,298.15,0.997,,
936,sample_937,OCCc1ccccc1,-0.74,25,298.15,0.997,,
937,sample_938,CCC[N+](=O)[O-],-0.80,25,298.15,0.997,,
938,sample_939,CC(C)CC(C)O,-0.80,25,298.15,0.997,,
939,sample_940,CCCCC(C)=O,-0.80,25,298.15,0.997,,
940,sample_941,CCC(CC)C(=O)O,-0.81,25,298.15,0.997,,
941,sample_942,O=C(O)CCCCC(=O)O,-0.82,25,298.15,0.997,,
942,sample_943,O=C1CNC(=O)CN1,-0.83,25,298.15,0.997,,
943,sample_944,CN(C)C(=O)OC1=CC(=O)CC(C)(C)C1,-0.85,25,298.15,0.997,,
944,sample_945,Cc1ccccc1N,-0.85,25,298.15,0.997,,
945,sample_946,CCC(C)(O)C(C)C,-0.85,25,298.15,0.997,,
946,sample_947,CCC(C)C(C)(C)O,-0.89,25,298.15,0.997,,
947,sample_948,CCCCC(C)O,-0.89,25,298.15,0.997,,
948,sample_949,NC(=O)c1cnccn1,-0.91,25,298.15,0.997,,
949,sample_950,O=C(O)C(CO)c1ccccc1,-0.93,25,298.15,0.997,,
950,sample_951,CC1CCCCC1=O,-0.94,25,298.15,0.997,,
951,sample_952,NC(=O)NCc1ccccc1,-0.95,25,298.15,0.997,,
952,sample_953,CC(=O)N(C)c1ccccc1,-0.95,25,298.15,0.997,,
953,sample_954,CCN(N=O)C(N)=O,-0.96,25,298.15,0.997,,
954,sample_955,N#Cc1ccccc1,-1.00,25,298.15,0.997,,
955,sample_956,O=[N+]([O-])c1cccc(O)c1,-1.01,25,298.15,0.997,,
956,sample_957,CCC(C)(C)CO,-1.04,25,298.15,0.997,,
957,sample_958,ClCCCl,-1.06,25,298.15,0.997,,
958,sample_959,CC1=CC(=O)CC(C)(C)C1,-1.06,25,298.15,0.997,,
959,sample_960,Oc1ccccc1Cl,-1.06,25,298.15,0.997,,
960,sample_961,CCCCCC(=O)O,-1.06,25,298.15,0.997,,
961,sample_962,CCCCCCN,-1.10,25,298.15,0.997,,
962,sample_963,CCCC(C)CO,-1.11,25,298.15,0.997,,
963,sample_964,ClCCOCCCl,-1.12,25,298.15,0.997,,
964,sample_965,CCC(O)C(C)(C)C,-1.15,25,298.15,0.997,,
965,sample_966,O=C(O)c1cc(O)c(O)c(O)c1,-1.16,25,298.15,0.997,,
966,sample_967,BrCBr,-1.17,25,298.15,0.997,,
967,sample_968,Cc1cc(O)c2ccccc2n1,-1.20,25,298.15,0.997,,
968,sample_969,Cc1ccc(N)cc1,-1.21,25,298.15,0.997,,
969,sample_970,OCC1OC(n2cnc3c(O)ncnc32)C(O)C1O,-1.23,25,298.15,0.997,,
970,sample_971,COC(=O)c1cc(O)c(O)c(O)c1,-1.24,25,298.15,0.997,,
971,sample_972,Cc1ncc([N+](=O)[O-])n1CCO,-1.26,25,298.15,0.997,,
972,sample_973,Cc1cc(=O)[nH]c(=O)[nH]1,-1.26,25,298.15,0.997,,
973,sample_974,Cc1cc(N)nc(C)n1,-1.28,25,298.15,0.997,,
974,sample_975,CNc1ccccc1,-1.28,25,298.15,0.997,,
975,sample_976,CCCC(=O)CCC,-1.30,25,298.15,0.997,,
976,sample_977,ClC=CCl,-1.30,25,298.15,0.997,,
977,sample_978,Cc1cccc(C)c1O,-1.31,25,298.15,0.997,,
978,sample_979,BrC=CBr,-1.32,25,298.15,0.997,,
979,sample_980,CCCOC(C)C,-1.34,25,298.15,0.997,,
980,sample_981,CNC(=NC#N)NCCSCc1nc[nH]c1C,-1.35,25,298.15,0.997,,
981,sample_982,C=CCCl,-1.36,25,298.15,0.997,,
982,sample_983,Nc1ccc(S(N)(=O)=O)cc1,-1.36,25,298.15,0.997,,
983,sample_984,O=C1OC(=O)c2ccccc21,-1.39,25,298.15,0.997,,
984,sample_985,Cc1ccc(O)cc1C,-1.41,25,298.15,0.997,,
985,sample_986,CC(C)Cl,-1.41,25,298.15,0.997,,
986,sample_987,O=C(O)c1ccc(O)cc1,-1.41,25,298.15,0.997,,
987,sample_988,CC1(C(=O)O)CCC(C(=O)O)C1(C)C,-1.42,25,298.15,0.997,,
988,sample_989,CN(C)C1C(O)=C(C(=O)NCN2CCCC2)C(=O)C2(O)C(O)=C3C(=O)c4c(O)cccc4C(C)(O)C3CC12,-1.42,25,298.15,0.997,,
989,sample_990,CC(=O)CC(C)C,-1.42,25,298.15,0.997,,
990,sample_991,O=C(O)C1CCCCC1,-1.45,25,298.15,0.997,,
991,sample_992,CCNC(=S)NCC,-1.46,25,298.15,0.997,,
992,sample_993,CCCCCOC(N)=O,-1.47,25,298.15,0.997,,
993,sample_994,Nc1cccc(C(F)(F)F)c1,-1.47,25,298.15,0.997,,
994,sample_995,CCCCC(O)CC,-1.47,25,298.15,0.997,,
995,sample_996,O=c1cc[nH]c(=O)[nH]1,-1.48,25,298.15,0.997,,
996,sample_997,C=CCBr,-1.50,25,298.15,0.997,,
997,sample_998,c1ccc2scnc2c1,-1.50,25,298.15,0.997,,
998,sample_999,CCCC1CCCCN1,-1.50,25,298.15,0.997,,
999,sample_1000,Nc1ccccc1Cl,-1.52,25,298.15,0.997,,
1000,sample_1001,Cc1c[nH]c(=O)[nH]c1=O,-1.52,25,298.15,0.997,,
1001,sample_1002,ClC(Cl)Br,-1.54,25,298.15,0.997,,
1002,sample_1003,NS(=O)(=O)c1ccccc1,-1.56,25,298.15,0.997,,
1003,sample_1004,CC(C)Br,-1.59,25,298.15,0.997,,
1004,sample_1005,NC(=O)NC1NC(=O)NC1=O,-1.60,25,298.15,0.997,,
1005,sample_1006,CCI,-1.60,25,298.15,0.997,,
1006,sample_1007,CCCCC(C)(O)CC,-1.60,25,298.15,0.997,,
1007,sample_1008,NC(Cc1ccc(O)c(O)c1)C(=O)O,-1.60,25,298.15,0.997,,
1008,sample_1009,CC(=O)c1ccc(N)cc1,-1.61,25,298.15,0.997,,
1009,sample_1010,CC(=O)CC(=O)C(C)(C)C,-1.63,25,298.15,0.997,,
1010,sample_1011,C#CCCC,-1.64,25,298.15,0.997,,
1011,sample_1012,COC(=O)NS(=O)(=O)c1ccc(N)cc1,-1.66,25,298.15,0.997,,
1012,sample_1013,COC(=O)c1ccccc1C(=O)OC,-1.66,25,298.15,0.997,,
1013,sample_1014,O=C(O)CNC(=O)c1ccccc1,-1.68,25,298.15,0.997,,
1014,sample_1015,CCCCC(CC)CN,-1.71,25,298.15,0.997,,
1015,sample_1016,CCNC(=O)C(C)OC(=O)Nc1ccccc1,-1.83,25,298.15,0.997,,
1016,sample_1017,OCC(O)C1OC2OC(C(Cl)(Cl)Cl)OC2C1O,-1.84,25,298.15,0.997,,
1017,sample_1018,CCCCCCCN,-1.85,25,298.15,0.997,,
1018,sample_1019,COC(=O)c1ccccc1,-1.85,25,298.15,0.997,,
1019,sample_1020,CC12CCC(C1)C(C)(C)C2=O,-1.85,25,298.15,0.997,,
1020,sample_1021,ClCCCBr,-1.85,25,298.15,0.997,,
1021,sample_1022,C=CC=C,-1.87,25,298.15,0.997,,
1022,sample_1023,O=c1ccc2ccccc2o1,-1.89,25,298.15,0.997,,
1023,sample_1024,O=C(O)c1ccccc1Cl,-1.89,25,298.15,0.997,,
1024,sample_1025,CC(=O)Nc1ccccc1[N+](=O)[O-],-1.91,25,298.15,0.997,,
1025,sample_1026,ClCC(Cl)CCl,-1.92,25,298.15,0.997,,
1026,sample_1027,Nc1cccc2ccccc12,-1.92,25,298.15,0.997,,
1027,sample_1028,Cc1cc(C)c2ccccc2n1,-1.94,25,298.15,0.997,,
1028,sample_1029,Nc1ncnc2c1ccn2C1OC(CO)C(O)C1O,-1.95,25,298.15,0.997,,
1029,sample_1030,Cc1nc2ccccc2[nH]1,-1.96,25,298.15,0.997,,
1030,sample_1031,COc1ccccc1O,-1.96,25,298.15,0.997,,
1031,sample_1032,ClC=C(Cl)Cl,-1.96,25,298.15,0.997,,
1032,sample_1033,Fc1ccc(F)cc1,-1.97,25,298.15,0.997,,
1033,sample_1034,C=CC(C)(O)CCC=C(C)C,-1.99,25,298.15,0.997,,
1034,sample_1035,N=C(N)NS(=O)(=O)c1ccc(N)cc1,-1.99,25,298.15,0.997,,
1035,sample_1036,CC12CCC(CC1=O)C2(C)C,-1.99,25,298.15,0.997,,
1036,sample_1037,CCCCCC(=O)OC,-2.00,25,298.15,0.997,,
1037,sample_1038,CC(C)CCl,-2.00,25,298.15,0.997,,
1038,sample_1039,Fc1cccc(F)c1,-2.00,25,298.15,0.997,,
1039,sample_1040,C=CC(=C)C,-2.03,25,298.15,0.997,,
1040,sample_1041,COc1cc(C(=O)O)ccc1O,-2.05,25,298.15,0.997,,
1041,sample_1042,CC(C)=CCCC(C)=CC=O,-2.06,25,298.15,0.997,,
1042,sample_1043,C=CCC1(CC=C)C(=O)NC(=O)NC1=O,-2.06,25,298.15,0.997,,
1043,sample_1044,Cc1cccc2sc3nncn3c12,-2.07,25,298.15,0.997,,
1044,sample_1045,BrCCCBr,-2.08,25,298.15,0.997,,
1045,sample_1046,CNC(=O)ON=C1C(Cl)C2CC(C#N)C1C2,-2.08,25,298.15,0.997,,
1046,sample_1047,CCSCc1ccccc1OC(=O)NC,-2.09,25,298.15,0.997,,
1047,sample_1048,COCCOc1c(OC)cc(Cc2cnc(N)nc2N)cc1OC,-2.10,25,298.15,0.997,,
1048,sample_1049,C1=CCCC1,-2.10,25,298.15,0.997,,
1049,sample_1050,O=C(NC(CO)C(O)c1ccc([N+](=O)[O-])cc1)C(Cl)Cl,-2.11,25,298.15,0.997,,
1050,sample_1051,CCCc1cc(=O)[nH]c(=S)[nH]1,-2.15,25,298.15,0.997,,
1051,sample_1052,CC(Br)CBr,-2.15,25,298.15,0.997,,
1052,sample_1053,c1ccc2[nH]ncc2c1,-2.16,25,298.15,0.997,,
1053,sample_1054,C=C(C)C1CCC(C)C(=O)C1,-2.18,25,298.15,0.997,,
1054,sample_1055,CCCCS,-2.18,25,298.15,0.997,,
1055,sample_1056,Oc1cc(Cl)c(Cl)cc1Cl,-2.21,25,298.15,0.997,,
1056,sample_1057,O=C1NC(=O)C(O)(C2(O)C(=O)NC(=O)NC2=O)C(=O)N1,-1.99,25,298.15,0.997,,
1057,sample_1058,COC(=O)C1C(OC(=O)c2ccccc2)CC2CCC1N2C,-2.23,25,298.15,0.997,,
1058,sample_1059,O=C(NC(=O)c1ccccc1)c1ccccc1,-2.27,25,298.15,0.997,,
1059,sample_1060,Cc1cc(C)nc(NS(=O)(=O)c2ccc(N)cc2)n1,-2.27,25,298.15,0.997,,
1060,sample_1061,CCCN(CCC)CCC,-2.28,25,298.15,0.997,,
1061,sample_1062,O=C(O)c1ccccc1-c1ccccc1C(=O)O,-2.28,25,298.15,0.997,,
1062,sample_1063,O=C(O)COc1ccc(Cl)cc1,-2.29,25,298.15,0.997,,
1063,sample_1064,O=c1[nH]cnc2nc[nH]c12,-2.29,25,298.15,0.997,,
1064,sample_1065,BrC1CCCCC1,-2.30,25,298.15,0.997,,
1065,sample_1066,Nc1ccc(Cc2ccc(N)cc2)cc1,-2.30,25,298.15,0.997,,
1066,sample_1067,CCCCCC(=O)OCC,-2.31,25,298.15,0.997,,
1067,sample_1068,Cc1ccccc1[N+](=O)[O-],-2.33,25,298.15,0.997,,
1068,sample_1069,CCOc1ccccc1,-2.33,25,298.15,0.997,,
1069,sample_1070,CNC(=O)Oc1cccc(N=CN(C)C)c1,-2.34,25,298.15,0.997,,
1070,sample_1071,CNC(=O)Oc1ccc(N(C)C)c(C)c1,-2.36,25,298.15,0.997,,
1071,sample_1072,CC(=O)Nc1nnc(S(N)(=O)=O)s1,-2.36,25,298.15,0.997,,
1072,sample_1073,Nc1ccc([N+](=O)[O-])cc1,-2.37,25,298.15,0.997,,
1073,sample_1074,Fc1cc(F)c(F)cc1F,-2.38,25,298.15,0.997,,
1074,sample_1075,Cc1ccsc1,-2.39,25,298.15,0.997,,
1075,sample_1076,CCCCCCCCO,-2.39,25,298.15,0.997,,
1076,sample_1077,COc1c2occc2c(OC)c2c(=O)cc(C)oc12,-2.40,25,298.15,0.997,,
1077,sample_1078,CC(C)(C)c1ccc(O)cc1,-2.41,25,298.15,0.997,,
1078,sample_1079,Oc1cccc2cccnc12,-2.42,25,298.15,0.997,,
1079,sample_1080,CCCCCCOC(C)=O,-2.46,25,298.15,0.997,,
1080,sample_1081,CC1CCC(C(C)C)C(=O)C1,-2.49,25,298.15,0.997,,
1081,sample_1082,Cc1ccc([N+](=O)[O-])cc1,-2.49,25,298.15,0.997,,
1082,sample_1083,CCC(C)(C)Cl,-2.51,25,298.15,0.997,,
1083,sample_1084,OC(Cc1ccccc1)c1ccccc1,-2.52,25,298.15,0.997,,
1084,sample_1085,CC1CCC(C(C)C)C(O)C1,-2.53,25,298.15,0.997,,
1085,sample_1086,ClC(Cl)=C(Cl)Cl,-2.54,25,298.15,0.997,,
1086,sample_1087,Brc1ccccc1,-2.55,25,298.15,0.997,,
1087,sample_1088,OC(c1ccccc1)c1ccccc1,-2.55,25,298.15,0.997,,
1088,sample_1089,CON(C)C(=O)Nc1ccc(Cl)cc1,-2.57,25,298.15,0.997,,
1089,sample_1090,CCC(N)Cc1c[nH]c2ccccc12,-2.57,25,298.15,0.997,,
1090,sample_1091,NC(Cc1ccc(O)cc1)C(=O)O,-2.57,25,298.15,0.997,,
1091,sample_1092,CCCCCCc1ccc(O)cc1O,-2.59,25,298.15,0.997,,
1092,sample_1093,CCCCC(=O)CCCC,-2.59,25,298.15,0.997,,
1093,sample_1094,CC1(C)C(=O)N(Cl)C(=O)N1Cl,-2.60,25,298.15,0.997,,
1094,sample_1095,Cc1ccc(C(=O)O)cc1,-2.60,25,298.15,0.997,,
1095,sample_1096,O=C1NC(=O)c2ccccc21,-2.61,25,298.15,0.997,,
1096,sample_1097,CCC1CN2CCC1CC2C(O)c1ccnc2ccccc12,-2.63,25,298.15,0.997,,
1097,sample_1098,CCC(Cl)CC,-2.63,25,298.15,0.997,,
1098,sample_1099,CCC1(C2=CC3CCC(C2)C3)C(=O)NC(=O)NC1=O,-2.64,25,298.15,0.997,,
1099,sample_1100,CCC1(c2ccccc2)C(=O)NCNC1=O,-2.64,25,298.15,0.997,,
1100,sample_1101,CCCOC(=O)c1ccccc1,-2.67,25,298.15,0.997,,
1101,sample_1102,NS(=O)(=O)c1cc2c(cc1Cl)NC(C(Cl)Cl)NS2(=O)=O,-2.68,25,298.15,0.997,,
1102,sample_1103,CCC(Br)(CC)C(=O)NC(N)=O,-2.68,25,298.15,0.997,,
1103,sample_1104,O=C1C=C2CC3(O)COc4c(ccc(O)c4O)C3=C2C=C1O,-2.70,25,298.15,0.997,,
1104,sample_1105,Nc1ccc(S(=O)(=O)Nc2ccccn2)cc1,-2.70,25,298.15,0.997,,
1105,sample_1106,S=c1cnc2cncnc2[nH]1,-2.71,25,298.15,0.997,,
1106,sample_1107,CCCCCCCCN,-2.75,25,298.15,0.997,,
1107,sample_1108,CCc1ccccc1,-2.77,25,298.15,0.997,,
1108,sample_1109,Cc1ccc(C)cc1,-2.77,25,298.15,0.997,,
1109,sample_1110,O=C1c2ccccc2C(=O)c2c1ccc(O)c2O,-2.78,25,298.15,0.997,,
1110,sample_1111,Ic1ccccc1,-2.78,25,298.15,0.997,,
1111,sample_1112,O=C(O)c1ccc([N+](=O)[O-])cc1,-2.80,25,298.15,0.997,,
1112,sample_1113,Cc1cnc(NS(=O)(=O)c2ccc(N)cc2)nc1,-2.82,25,298.15,0.997,,
1113,sample_1114,CC(C)(c1ccc(O)cc1)c1ccc(O)cc1,-2.82,25,298.15,0.997,,
1114,sample_1115,C=Cc1ccccc1,-2.82,25,298.15,0.997,,
1115,sample_1116,O=C(c1ccccc1)C(O)c1ccccc1,-2.85,25,298.15,0.997,,
1116,sample_1117,Cc1cc(Cl)ccc1N=CN(C)C,-2.86,25,298.15,0.997,,
1117,sample_1118,CNc1ccccc1C(=O)O,-2.88,25,298.15,0.997,,
1118,sample_1119,c1ccc(NNc2ccccc2)cc1,-2.92,25,298.15,0.997,,
1119,sample_1120,O=C(O)COc1cc(Cl)c(Cl)cc1Cl,-2.96,25,298.15,0.997,,
1120,sample_1121,CC12CCC(=O)C=C1CCC1C2C(O)CC2(C)C1CCC2(O)C(=O)CO,-2.97,25,298.15,0.997,,
1121,sample_1122,CCn1cc(C(=O)O)c(=O)c2cnc(N3CCNCC3)nc21,-2.98,25,298.15,0.997,,
1122,sample_1123,CC1CC2C(C(O)CC3(C)C2CCC3(O)C(=O)CO)C2(C)C=CC(=O)C=C12,-2.99,25,298.15,0.997,,
1123,sample_1124,CCCNC(=O)NS(=O)(=O)c1ccc(Cl)cc1,-3.03,25,298.15,0.997,,
1124,sample_1125,CC1=CC(=O)c2ccccc2C1=O,-3.03,25,298.15,0.997,,
1125,sample_1126,FC(F)(Cl)C(F)(Cl)Cl,-3.04,25,298.15,0.997,,
1126,sample_1127,Clc1cccc(Cl)c1,-3.04,25,298.15,0.997,,
1127,sample_1128,c1ccc2c(c1)CCC2,-3.04,25,298.15,0.997,,
1128,sample_1129,CC(=O)Nc1ccc(Br)cc1,-3.08,25,298.15,0.997,,
1129,sample_1130,Cc1ccc(Cl)cc1,-3.08,25,298.15,0.997,,
1130,sample_1131,O=C(O)Cc1c(Cl)ccc(Cl)c1Cl,-3.08,25,298.15,0.997,,
1131,sample_1132,C1CCCCC1,-3.10,25,298.15,0.997,,
1132,sample_1133,O=C(c1ccccc1)c1ccccc1,-3.12,25,298.15,0.997,,
1133,sample_1134,Nc1cnn(-c2ccccc2)c(=O)c1Br,-3.12,25,298.15,0.997,,
1134,sample_1135,CC(C)CCOC(=O)c1ccccc1O,-3.16,25,298.15,0.997,,
1135,sample_1136,CCCCCCCCC=O,-3.17,25,298.15,0.997,,
1136,sample_1137,Cc1ccc(Br)cc1,-3.19,25,298.15,0.997,,
1137,sample_1138,Clc1ccccc1Br,-3.19,25,298.15,0.997,,
1138,sample_1139,CC1CC=CC=CC=CC=CC(OC2OC(C)C(O)C(N)C2O)CC2OC(O)(CC(O)CC3OC3C=CC(=O)O1)CC(O)C2C(=O)O,-3.21,25,298.15,0.997,,
1139,sample_1140,CC12C=CC(=O)C=C1CCC1C2C(O)CC2(C)C1CCC2(O)C(=O)CO,-3.21,25,298.15,0.997,,
1140,sample_1141,O=C1NCCN1c1ncc([N+](=O)[O-])s1,-3.22,25,298.15,0.997,,
1141,sample_1142,C=CCC(C)C,-3.24,25,298.15,0.997,,
1142,sample_1143,Clc1ccc(Cl)cc1,-3.27,25,298.15,0.997,,
1143,sample_1144,CC(=O)CCC1C(=O)N(c2ccccc2)N(c2ccccc2)C1=O,-3.27,25,298.15,0.997,,
1144,sample_1145,CN1CCC23c4c5ccc(O)c4OC2C(O)C=CC3C1C5,-3.28,25,298.15,0.997,,
1145,sample_1146,CCC1NC(=O)c2cc(S(N)(=O)=O)c(Cl)cc2N1,-3.29,25,298.15,0.997,,
1146,sample_1147,CCCCCCCCOC(N)=O,-3.30,25,298.15,0.997,,
1147,sample_1148,CCCCN(CC)C(=O)SCCC,-3.35,25,298.15,0.997,,
1148,sample_1149,CCC(C)c1cc([N+](=O)[O-])cc([N+](=O)[O-])c1O,-3.38,25,298.15,0.997,,
1149,sample_1150,CC(C)OC(=O)Nc1cccc(Cl)c1,-3.38,25,298.15,0.997,,
1150,sample_1151,CCCCCCCC(=O)OCC,-3.39,25,298.15,0.997,,
1151,sample_1152,CCSC(=O)N(CC)C1CCCCC1,-3.40,25,298.15,0.997,,
1152,sample_1153,O=C(C=CC=Cc1ccc2c(c1)OCO2)N1CCCCC1,-3.46,25,298.15,0.997,,
1153,sample_1154,Ic1[nH]c(I)c(I)c1I,-3.46,25,298.15,0.997,,
1154,sample_1155,Brc1cccc(Br)c1,-3.54,25,298.15,0.997,,
1155,sample_1156,CC(C)c1ccc(NC(=O)N(C)C)cc1,-3.54,25,298.15,0.997,,
1156,sample_1157,CCCCCCCCCCC(=O)O,-3.55,25,298.15,0.997,,
1157,sample_1158,CC12CC(O)C3C(CCC4CC(O)CCC43C)C1CCC2=O,-3.59,25,298.15,0.997,,
1158,sample_1159,O=C1CC(c2ccc(O)c(O)c2)Oc2cc(O)cc(O)c21,-3.62,25,298.15,0.997,,
1159,sample_1160,COc1c2occc2cc2ccc(=O)oc12,-3.66,25,298.15,0.997,,
1160,sample_1161,CCOC(=O)C(c1c(O)c2ccccc2oc1=O)c1c(O)c2ccccc2oc1=O,-3.66,25,298.15,0.997,,
1161,sample_1162,NS(=O)(=O)c1cc(C(=O)O)c(NCc2ccco2)cc1Cl,-3.66,25,298.15,0.997,,
1162,sample_1163,CC(C)(C)c1ccccc1,-3.66,25,298.15,0.997,,
1163,sample_1164,c1ccc2nc3ccccc3cc2c1,-3.67,25,298.15,0.997,,
1164,sample_1165,CCC(C)CC,-3.68,25,298.15,0.997,,
1165,sample_1166,CCSC(=O)N(CC(C)C)CC(C)C,-3.68,25,298.15,0.997,,
1166,sample_1167,COP(=S)(OC)Oc1ccc([N+](=O)[O-])cc1,-3.68,25,298.15,0.997,,
1167,sample_1168,Cc1ccc2nc(-c3ccc(N)cc3)sc2c1,-3.68,25,298.15,0.997,,
1168,sample_1169,CCCCOc1cc(C(=O)NCCN(CC)CC)c2ccccc2n1,-3.70,25,298.15,0.997,,
1169,sample_1170,Cc1cccc2ccccc12,-3.70,25,298.15,0.997,,
1170,sample_1171,CC(C)(C)c1nnc(NS(=O)(=O)c2ccc(N)cc2)s1,-3.74,25,298.15,0.997,,
1171,sample_1172,CC12CCC(=O)C=C1CCC1C2CCC2(C)C(C(=O)CO)CCC12,-3.75,25,298.15,0.997,,
1172,sample_1173,Clc1cccc(C(Cl)(Cl)Cl)n1,-3.76,25,298.15,0.997,,
1173,sample_1174,Cc1ccc(C(C)C)cc1,-3.77,25,298.15,0.997,,
1174,sample_1175,CC1CC2C3CCC4=CC(=O)C=CC4(C)C3(F)C(O)CC2(C)C1(O)C(=O)CO,-3.77,25,298.15,0.997,,
1175,sample_1176,Cc1cccc(Nc2ccccc2C(=O)O)c1C,-3.78,25,298.15,0.997,,
1176,sample_1177,O=C1CN=C(c2ccccc2)c2cc([N+](=O)[O-])ccc2N1,-3.80,25,298.15,0.997,,
1177,sample_1178,CCCCCCCCC(=O)OCC,-3.80,25,298.15,0.997,,
1178,sample_1179,CC(C)C1=CC2=CCC3C(C)(C(=O)O)CCCC3(C)C2CC1,-3.80,25,298.15,0.997,,
1179,sample_1180,Cc1cc(S(=O)(=O)c2ccccc2)ccc1NS(=O)(=O)C(F)(F)F,-3.80,25,298.15,0.997,,
1180,sample_1181,CC=CCCCC,-3.82,25,298.15,0.997,,
1181,sample_1182,CCCCCC,-3.84,25,298.15,0.997,,
1182,sample_1183,CC12CCC(=O)C=C1CCC1C2C2CC3(C(O)O2)C(C(=O)CO)CCC13,-3.85,25,298.15,0.997,,
1183,sample_1184,CC1CCCCC1,-3.85,25,298.15,0.997,,
1184,sample_1185,COC(=O)Nc1nc2ccc(C(=O)c3ccccc3)cc2[nH]1,-3.88,25,298.15,0.997,,
1185,sample_1186,CC(=O)CC(c1ccccc1)c1c(O)c2ccccc2oc1=O,-3.89,25,298.15,0.997,,
1186,sample_1187,CN(C)C(=S)SSC(=S)N(C)C,-3.90,25,298.15,0.997,,
1187,sample_1188,C#CC(C)N(C)C(=O)Nc1ccc(Cl)cc1,-3.90,25,298.15,0.997,,
1188,sample_1189,CN1c2ccccc2Sc2ccc(CC(=O)O)cc21,-3.94,25,298.15,0.997,,
1189,sample_1190,CC(CCC(=O)O)C1CCC2C3CCC4CC(O)CCC4(C)C3CC(O)C12C,-3.95,25,298.15,0.997,,
1190,sample_1191,c1ccc(Oc2ccccc2)cc1,-3.96,25,298.15,0.997,,
1191,sample_1192,CCCCCCCCl,-3.99,25,298.15,0.997,,
1192,sample_1193,CC12CCC(=O)C=C1CCC1C2CCC2(C)C1CCC2(C)O,-3.99,25,298.15,0.997,,
1193,sample_1194,Cc1cc(C)c(C)c(C)c1C,-4.00,25,298.15,0.997,,
1194,sample_1195,CC(=O)OCC(=O)C1(O)CCC2C3CCC4=CC(=O)CCC4(C)C3C(=O)CC21C,-4.00,25,298.15,0.997,,
1195,sample_1196,Clc1cccc(Cl)c1Cl,-4.00,25,298.15,0.997,,
1196,sample_1197,COP(=S)(OC)Oc1ccc([N+](=O)[O-])c(C)c1,-4.04,25,298.15,0.997,,
1197,sample_1198,CCCCc1ccccc1,-4.06,25,298.15,0.997,,
1198,sample_1199,Brc1ccc(Br)cc1,-4.07,25,298.15,0.997,,
1199,sample_1200,CSc1nc(NC(C)C)nc(NC(C)C)n1,-4.10,25,298.15,0.997,,
1200,sample_1201,CCOP(=S)(OCC)SCSCC,-4.11,25,298.15,0.997,,
1201,sample_1202,COc1ccc2c(c1OC)C(=O)OC2C1c2cc3c(cc2CCN1C)OCO3,-4.11,25,298.15,0.997,,
1202,sample_1203,CC(=O)OCC(=O)C1(O)C(OC(C)=O)CC2C3CCC4=CC(=O)C=CC4(C)C3(F)C(O)CC21C,-4.13,25,298.15,0.997,,
1203,sample_1204,C1CCCCCCC1,-4.15,25,298.15,0.997,,
1204,sample_1205,CN1C(C(=O)Nc2ccccn2)=C(O)c2ccccc2S1(=O)=O,-4.16,25,298.15,0.997,,
1205,sample_1206,O=C(O)c1cccnc1Nc1cccc(C(F)(F)F)c1,-4.17,25,298.15,0.997,,
1206,sample_1207,ClC(Cl)=CC(Cl)=C(Cl)Cl,-4.23,25,298.15,0.997,,
1207,sample_1208,CC(CN1c2ccccc2Sc2ccccc21)N(C)C,-4.26,25,298.15,0.997,,
1208,sample_1209,CC(=O)SC1CC2=CC(=O)CCC2(C)C2CCC3(C)C(CCC34CCC(=O)O4)C12,-4.28,25,298.15,0.997,,
1209,sample_1210,Oc1c(Cl)c(Cl)c(Cl)c(Cl)c1Cl,-4.28,25,298.15,0.997,,
1210,sample_1211,CC(CCC(=O)O)C1CCC2C3C(O)CC4CC(O)CCC4(C)C3CCC12C,-4.29,25,298.15,0.997,,
1211,sample_1212,CCc1ccc2ccccc2c1,-4.29,25,298.15,0.997,,
1212,sample_1213,C#CC1(O)CCC2C3CCc4cc(O)ccc4C3CCC21C,-4.30,25,298.15,0.997,,
1213,sample_1214,CN(C)CCCN1c2ccccc2Sc2ccccc21,-4.30,25,298.15,0.997,,
1214,sample_1215,COP(=S)(OC)Oc1ccc([N+](=O)[O-])cc1Cl,-4.31,25,298.15,0.997,,
1215,sample_1216,CC1(C)OC2CC3C4CCC5=CC(=O)C=CC5(C)C4(F)C(O)CC3(C)C2(C(=O)CO)O1,-4.32,25,298.15,0.997,,
1216,sample_1217,c1ccc2c(c1)sc1ccccc12,-4.38,25,298.15,0.997,,
1217,sample_1218,OC(c1ccc(Cl)cc1)(c1cncnc1)c1ccccc1Cl,-4.38,25,298.15,0.997,,
1218,sample_1219,C=C(C)C1Cc2c(ccc3c2OC2COc4cc(OC)c(OC)cc4C2C3=O)O1,-4.42,25,298.15,0.997,,
1219,sample_1220,CCC(c1ccc(O)cc1)C(CC)c1ccc(O)cc1,-4.43,25,298.15,0.997,,
1220,sample_1221,O=C(CCCN1CCC(O)(c2ccc(Cl)cc2)CC1)c1ccc(F)cc1,-4.43,25,298.15,0.997,,
1221,sample_1222,CCCCCCCBr,-4.43,25,298.15,0.997,,
1222,sample_1223,CN(C)CCC=C1c2ccccc2CCc2ccccc21,-4.46,25,298.15,0.997,,
1223,sample_1224,CC(=O)Oc1c(C(C)(C)C)cc([N+](=O)[O-])c(C)c1[N+](=O)[O-],-4.47,25,298.15,0.997,,
1224,sample_1225,Clc1cc(Cl)cc(Cl)c1,-4.48,25,298.15,0.997,,
1225,sample_1226,CC1CCC(C)(C)C1,-4.48,25,298.15,0.997,,
1226,sample_1227,CN1CCN(CCCN2c3ccccc3Sc3ccc(C(F)(F)F)cc32)CC1,-4.52,25,298.15,0.997,,
1227,sample_1228,CC(C)OC(=O)C(O)(c1ccc(Cl)cc1)c1ccc(Cl)cc1,-4.53,25,298.15,0.997,,
1228,sample_1229,COP(=S)(OC)Oc1ccc(SC)c(C)c1,-4.57,25,298.15,0.997,,
1229,sample_1230,CC(C)(C)C(=O)OCC(=O)C1(O)CCC2C3CCC4=CC(=O)C=CC4(C)C3C(O)CC21C,-4.58,25,298.15,0.997,,
1230,sample_1231,O=c1oc(-c2ccccc2)nc2ccccc12,-4.61,25,298.15,0.997,,
1231,sample_1232,c1ccc(CCc2ccccc2)cc1,-4.62,25,298.15,0.997,,
1232,sample_1233,CC(=O)OCC(=O)C1CCC2C3CCC4=CC(=O)CCC4(C)C3CCC12C,-4.63,25,298.15,0.997,,
1233,sample_1234,CC(=O)C1CCC2C3CC=C4CC(O)CCC4(C)C3CCC12C,-4.65,25,298.15,0.997,,
1234,sample_1235,Cc1cc2ccccc2cc1C,-4.72,25,298.15,0.997,,
1235,sample_1236,Oc1c2ccccc2cc2ccccc12,-4.73,25,298.15,0.997,,
1236,sample_1237,C#CC1(OC(C)=O)CCC2C3CCC4=CC(=O)CCC4C3CCC21C,-4.79,25,298.15,0.997,,
1237,sample_1238,COP(=S)(OC)Oc1nc(Cl)c(Cl)cc1Cl,-4.82,25,298.15,0.997,,
1238,sample_1239,CC12CCC3c4ccc(O)cc4CCC3C1CCC2O,-4.84,25,298.15,0.997,,
1239,sample_1240,CC(C)N(C(=O)SCC(Cl)=C(Cl)Cl)C(C)C,-4.88,25,298.15,0.997,,
1240,sample_1241,CN(C)C(=O)Nc1ccc(Oc2ccc(Cl)cc2)cc1,-4.89,25,298.15,0.997,,
1241,sample_1242,Cc1ccc2cc(C)ccc2c1,-4.89,25,298.15,0.997,,
1242,sample_1243,ClC(Cl)=C(Cl)C(Cl)=C(Cl)Cl,-4.91,25,298.15,0.997,,
1243,sample_1244,CCCN(CCC)c1c([N+](=O)[O-])cc(S(N)(=O)=O)cc1[N+](=O)[O-],-5.16,25,298.15,0.997,,
1244,sample_1245,Clc1ccc(-c2ccccc2)cc1,-5.20,25,298.15,0.997,,
1245,sample_1246,CCCCCCc1ccccc1,-5.21,25,298.15,0.997,,
1246,sample_1247,CC12CCc3c(ccc4cc(O)ccc34)C1CCC2=O,-5.24,25,298.15,0.997,,
1247,sample_1248,CC(C)=CC1C(C(=O)OCc2cccc(Oc3ccccc3)c2)C1(C)C,-5.24,25,298.15,0.997,,
1248,sample_1249,c1ccc2c(c1)ccc1ccccc12,-5.26,25,298.15,0.997,,
1249,sample_1250,CCOP(=S)(OCC)Oc1ccc2c(C)c(Cl)c(=O)oc2c1,-5.38,25,298.15,0.997,,
1250,sample_1251,OC1C=CC2C1C1(Cl)C(Cl)=C(Cl)C2(Cl)C1(Cl)Cl,-5.46,25,298.15,0.997,,
1251,sample_1252,N#Cc1c(Cl)c(Cl)c(Cl)c(C#N)c1Cl,-5.64,25,298.15,0.997,,
1252,sample_1253,CCCN(CCC)c1c([N+](=O)[O-])cc(C(F)(F)F)cc1[N+](=O)[O-],-5.68,25,298.15,0.997,,
1253,sample_1254,CCOP(=S)(OCC)SCSc1ccc(Cl)cc1,-5.74,25,298.15,0.997,,
1254,sample_1255,Clc1cccc(-c2cccc(Cl)c2)c1,-5.80,25,298.15,0.997,,
1255,sample_1256,Cc1c2ccccc2cc2ccccc12,-5.89,25,298.15,0.997,,
1256,sample_1257,c1cc2c3c(ccc4c3c1CCC4)CCC2,-5.96,25,298.15,0.997,,
1257,sample_1258,Clc1ccc(Cl)c(-c2ccccc2Cl)c1,-6.02,25,298.15,0.997,,
1258,sample_1259,COP(=S)(OC)Oc1cc(Cl)c(Br)cc1Cl,-6.09,25,298.15,0.997,,
1259,sample_1260,ClC1=C(Cl)C2(Cl)C3C4CC(C5OC45)C3C1(Cl)C2(Cl)Cl,-6.18,25,298.15,0.997,,
1260,sample_1261,Clc1ccc(-c2ccc(Cl)cc2Cl)cc1,-6.21,25,298.15,0.997,,
1261,sample_1262,ClC1=C(Cl)C2(Cl)C3C4OC4C(Cl)C3C1(Cl)C2(Cl)Cl,-6.29,25,298.15,0.997,,
1262,sample_1263,CC1(C)C(C=C(Cl)Cl)C1C(=O)OCc1cccc(Oc2ccccc2)c1,-6.29,25,298.15,0.997,,
1263,sample_1264,Clc1ccc(Cl)c(-c2ccccc2)c1Cl,-6.29,25,298.15,0.997,,
1264,sample_1265,ClC1=C(Cl)C2(Cl)C3C(Cl)C=CC3C1(Cl)C2(Cl)Cl,-6.32,25,298.15,0.997,,
1265,sample_1266,Clc1ccc(-c2ccc(Cl)cc2Cl)c(Cl)c1,-6.51,25,298.15,0.997,,
1266,sample_1267,Clc1ccc(C(c2ccccc2Cl)C(Cl)(Cl)Cl)cc1,-6.62,25,298.15,0.997,,
1267,sample_1268,Cc1cc(O)ccc1OP(=O)(Oc1cc(O)ccc1C)Oc1c(C)cccc1O,-6.70,25,298.15,0.997,,
1268,sample_1269,CCCCCCCCCCCCCCCC(=O)O,-6.81,25,298.15,0.997,,
1269,sample_1270,COc1ccc(C(c2ccc(OC)cc2)C(Cl)(Cl)Cl)cc1,-6.89,25,298.15,0.997,,
1270,sample_1271,CCCCC(CC)COC(=O)c1ccccc1C(=O)OCC(CC)CCCC,-6.96,25,298.15,0.997,,
1271,sample_1272,Clc1ccc(Cl)c(-c2cc(Cl)ccc2Cl)c1,-7.00,25,298.15,0.997,,
1272,sample_1273,Clc1cccc(-c2ccc(Cl)c(Cl)c2Cl)c1Cl,-7.05,25,298.15,0.997,,
1273,sample_1274,Clc1cc(-c2ccccc2)c(Cl)c(Cl)c1Cl,-7.16,25,298.15,0.997,,
1274,sample_1275,CCCCCCCCCCCCCCCCO,-7.26,25,298.15,0.997,,
1275,sample_1276,ClC1=C(Cl)C2(Cl)C3C4C=CC(C4)C3C1(Cl)C2(Cl)Cl,-7.33,25,298.15,0.997,,
1276,sample_1277,c1ccc2c(c1)c1cccc3ccc4cccc2c4c31,-7.80,25,298.15,0.997,,
1277,sample_1278,Clc1ccc(Cl)c(-c2ccc(Cl)c(Cl)c2Cl)c1,-7.91,25,298.15,0.997,,
1278,sample_1279,c1ccc2c(c1)Cc1cc3ccccc3cc1-2,-8.04,25,298.15,0.997,,
1279,sample_1280,c1ccc2c(c1)ccc1c3ccccc3ccc21,-8.06,25,298.15,0.997,,
1280,sample_1281,Clc1ccc(-c2c(Cl)cc(Cl)c(Cl)c2Cl)c(Cl)c1Cl,-8.30,25,298.15,0.997,,
1281,sample_1282,Clc1cc(Cl)c(-c2ccc(Cl)c(Cl)c2Cl)cc1Cl,-8.32,25,298.15,0.997,,
1282,sample_1283,Clc1cccc(-c2cc(Cl)c(Cl)c(Cl)c2Cl)c1Cl,-8.42,25,298.15,0.997,,
1283,sample_1284,c1ccc2cc3c(cc2c1)-c1cccc2cccc-3c12,-8.49,25,298.15,0.997,,
1284,sample_1285,c1ccc2cc3cc4ccccc4cc3cc2c1,-8.60,25,298.15,0.997,,
1285,sample_1286,Clc1ccc(Cl)c(-c2c(Cl)ccc(Cl)c2Cl)c1Cl,-8.65,25,298.15,0.997,,
1286,sample_1287,c1ccc2c(c1)ccc1cc3c(ccc4ccccc43)cc12,-8.66,25,298.15,0.997,,
1287,sample_1288,c1cc2ccc3ccc4ccc5cccc6c(c1)c2c3c4c56,-9.03,25,298.15,0.997,,
1288,sample_1289,Clc1cc(-c2c(Cl)c(Cl)c(Cl)c(Cl)c2Cl)c(Cl)c(Cl)c1Cl,-10.26,25,298.15,0.997,,
1289,sample_1290,Clc1cc(Cl)c(Cl)c(-c2c(Cl)c(Cl)c(Cl)c(Cl)c2Cl)c1Cl,-10.41,25,298.15,0.997,,
1,sample_250_2,O=C(O)c1ccccc1,-0.57,50,323.15,0.990,,
2,sample_250_3,O=C(O)c1ccccc1,-0.21,75,348.15,0.976,,
3,sample_250_4,O=C(O)c1ccccc1,0.37,100,373.15,0.960,,
4,sample_250_5,O=C(O)c1ccccc1,0.83,125,398.15,0.941,,
5,sample_250_6,O=C(O)c1ccccc1,0.92,150,423.15,0.919,,
6,sample_250_7,O=C(O)c1ccccc1,0.94,200,473.15,0.867,,
7,sample_276_2,c1ccccc1,-1.35,100,373.15,0.960,,
8,sample_276_3,c1ccccc1,-1.02,150,423.15,0.919,,
9,sample_276_4,c1ccccc1,-0.59,200,473.15,0.867,,
10,sample_386_2,Cc1ccccc1,-1.76,100,373.15,0.960,,
11,sample_386_3,Cc1ccccc1,-1.32,150,423.15,0.919,,
12,sample_386_4,Cc1ccccc1,-0.86,200,473.15,0.867,,
13,sample_401_2,CCCCCCCC(=O)O,-2.55,60,333.15,0.990,,
14,sample_401_3,CCCCCCCC(=O)O,-2.59,80,353.15,0.978,,
15,sample_401_4,CCCCCCCC(=O)O,-2.22,100,373.15,0.965,,
16,sample_401_5,CCCCCCCC(=O)O,-1.71,120,393.15,0.950,,
17,sample_401_6,CCCCCCCC(=O)O,-1.47,150,423.15,0.925,,
18,sample_401_7,CCCCCCCC(=O)O,-1.20,180,453.15,0.896,,
19,sample_401_8,CCCCCCCC(=O)O,-0.74,200,473.15,0.875,,
20,sample_401_9,CCCCCCCC(=O)O,0.04,230,503.15,0.839,,
21,sample_603_2,CCCCCCCCCC(=O)O,-3.40,60,333.15,0.990,,
22,sample_603_3,CCCCCCCCCC(=O)O,-3.04,80,353.15,0.978,,
23,sample_603_4,CCCCCCCCCC(=O)O,-2.82,100,373.15,0.965,,
24,sample_603_5,CCCCCCCCCC(=O)O,-2.48,120,393.15,0.950,,
25,sample_603_6,CCCCCCCCCC(=O)O,-2.07,150,423.15,0.925,,
26,sample_603_7,CCCCCCCCCC(=O)O,-1.77,180,453.15,0.896,,
27,sample_603_8,CCCCCCCCCC(=O)O,-1.41,200,473.15,0.875,,
28,sample_741_2,CCCCCCCCCCCC(=O)O,-3.97,80,353.15,0.978,,
29,sample_741_3,CCCCCCCCCCCC(=O)O,-3.49,100,373.15,0.965,,
30,sample_741_4,CCCCCCCCCCCC(=O)O,-3.32,120,393.15,0.950,,
31,sample_741_5,CCCCCCCCCCCC(=O)O,-2.92,140,413.15,0.934,,
32,sample_741_6,CCCCCCCCCCCC(=O)O,-2.60,150,423.15,0.925,,
33,sample_741_7,CCCCCCCCCCCC(=O)O,-2.17,180,453.15,0.896,,
34,sample_741_8,CCCCCCCCCCCC(=O)O,-1.82,200,473.15,0.875,,
35,sample_741_9,CCCCCCCCCCCC(=O)O,-1.48,230,503.15,0.839,,
36,sample_786_2,CCCCCCCC,-4.96,50,323.15,0.990,,
37,sample_786_3,CCCCCCCC,-4.40,100,373.15,0.960,,
38,sample_786_4,CCCCCCCC,-3.61,150,423.15,0.919,,
39,sample_786_5,CCCCCCCC,-2.79,200,473.15,0.867,,
40,sample_794_2,CCCCCCCCCCCCCC(=O)O,-5.19,65,338.15,0.987,,
41,sample_794_3,CCCCCCCCCCCCCC(=O)O,-4.76,80,353.15,0.978,,
42,sample_794_4,CCCCCCCCCCCCCC(=O)O,-4.44,100,373.15,0.965,,
43,sample_794_5,CCCCCCCCCCCCCC(=O)O,-3.72,120,393.15,0.950,,
44,sample_794_6,CCCCCCCCCCCCCC(=O)O,-3.24,150,423.15,0.925,,
45,sample_794_7,CCCCCCCCCCCCCC(=O)O,-2.74,180,453.15,0.896,,
46,sample_794_8,CCCCCCCCCCCCCC(=O)O,-2.54,200,473.15,0.875,,
47,sample_794_9,CCCCCCCCCCCCCC(=O)O,-2.22,230,503.15,0.839,,
48,sample_813_2,CCCCCCCCCCCCCCCCCC(=O)O,-4.52,180,453.15,0.896,,
49,sample_813_3,CCCCCCCCCCCCCCCCCC(=O)O,-4.21,200,473.15,0.875,,
50,sample_813_4,CCCCCCCCCCCCCCCCCC(=O)O,-3.29,230,503.15,0.839,,
51,sample_1269_2,CCCCCCCCCCCCCCCC(=O)O,-5.11,150,423.15,0.925,,
52,sample_1269_3,CCCCCCCCCCCCCCCC(=O)O,-3.90,180,453.15,0.896,,
53,sample_1269_4,CCCCCCCCCCCCCCCC(=O)O,-3.22,200,473.15,0.875,,
54,sample_1269_5,CCCCCCCCCCCCCCCC(=O)O,-2.19,230,503.15,0.839,,
,,,,,,,,
,,,,,,,,
